CRASH_CRN,DISTRICT,CRASH_COUNTY,MUNICIPALITY,POLICE_AGCY,CRASH_YEAR,CRASH_MONTH,DAY_OF_WEEK,TIME_OF_DAY,HOUR_OF_DAY,ILLUMINATION,WEATHER,ROAD_CONDITION,COLLISION_TYPE,RELATION_TO_ROAD,INTERSECT_TYPE,TCD_TYPE,URBAN_RURAL,LOCATION_TYPE,SCH_BUS_IND,SCH_ZONE_IND,TOTAL_UNITS,PERSON_COUNT,VEHICLE_COUNT,AUTOMOBILE_COUNT,MOTORCYCLE_COUNT,BUS_COUNT,SMALL_TRUCK_COUNT,HEAVY_TRUCK_COUNT,SUV_COUNT,VAN_COUNT,BICYCLE_COUNT,FATAL_COUNT,INJURY_COUNT,MAJ_INJ_COUNT,MOD_INJ_COUNT,MIN_INJ_COUNT,UNK_INJ_DEG_COUNT,UNK_INJ_PER_COUNT,UNBELTED_OCC_COUNT,UNB_DEATH_COUNT,UNB_MAJ_INJ_COUNT,BELTED_DEATH_COUNT,BELTED_MAJ_INJ_COUNT,MCYCLE_DEATH_COUNT,MCYCLE_MAJ_INJ_COUNT,BICYCLE_DEATH_COUNT,BICYCLE_MAJ_INJ_COUNT,PED_COUNT,PED_DEATH_COUNT,PED_MAJ_INJ_COUNT,COMM_VEH_COUNT,MAX_SEVERITY_LEVEL,DRIVER_COUNT_16YR,DRIVER_COUNT_17YR,DRIVER_COUNT_18YR,DRIVER_COUNT_19YR,DRIVER_COUNT_20YR,DRIVER_COUNT_50_64YR,DRIVER_COUNT_65_74YR,DRIVER_COUNT_75PLUS,LATITUDE,LONGITUDE,DEC_LAT,DEC_LONG,EST_HRS_CLOSED,LANE_CLOSED,LN_CLOSE_DIR,NTFY_HIWY_MAINT,RDWY_SURF_TYPE_CD,SPEC_JURIS_CD,TCD_FUNC_CD,TFC_DETOUR_IND,WORK_ZONE_IND,WORK_ZONE_TYPE,WORK_ZONE_LOC,CONS_ZONE_SPD_LIM,WORKERS_PRES,WZ_CLOSE_DETOUR,WZ_FLAGGER,WZ_LAW_OFFCR_IND,WZ_LN_CLOSURE,WZ_MOVING,WZ_OTHER,WZ_SHLDER_MDN,FLAG_CRN,INTERSTATE,STATE_ROAD,LOCAL_ROAD,LOCAL_ROAD_ONLY,TURNPIKE,WET_ROAD,SNOW_SLUSH_ROAD,ICY_ROAD,SUDDEN_DEER,SHLDR_RELATED,REAR_END,HO_OPPDIR_SDSWP,HIT_FIXED_OBJECT,SV_RUN_OFF_RD,WORK_ZONE,PROPERTY_DAMAGE_ONLY,FATAL_OR_MAJ_INJ,INJURY,FATAL,NON_INTERSECTION,INTERSECTION,SIGNALIZED_INT,STOP_CONTROLLED_INT,UNSIGNALIZED_INT,SCHOOL_BUS,SCHOOL_ZONE,HIT_DEER,HIT_TREE_SHRUB,HIT_EMBANKMENT,HIT_POLE,HIT_GDRAIL,HIT_GDRAIL_END,HIT_BARRIER,HIT_BRIDGE,OVERTURNED,MOTORCYCLE,BICYCLE,HVY_TRUCK_RELATED,VEHICLE_FAILURE,TRAIN_TROLLEY,PHANTOM_VEHICLE,ALCOHOL_RELATED,DRINKING_DRIVER,UNDERAGE_DRNK_DRV,UNLICENSED,CELL_PHONE,NO_CLEARANCE,RUNNING_RED_LT,TAILGATING,CROSS_MEDIAN,CURVE_DVR_ERROR,LIMIT_65MPH,SPEEDING,SPEEDING_RELATED,AGGRESSIVE_DRIVING,FATIGUE_ASLEEP,DRIVER_16YR,DRIVER_17YR,DRIVER_65_74YR,DRIVER_75PLUS,UNBELTED,PEDESTRIAN,DISTRACTED,CURVED_ROAD,DRIVER_18YR,DRIVER_19YR,DRIVER_20YR,DRIVER_50_64YR,VEHICLE_TOWED,FIRE_IN_VEHICLE,HIT_PARKED_VEHICLE,MC_DRINKING_DRIVER,DRUGGED_DRIVER,INJURY_OR_FATAL,COMM_VEHICLE,IMPAIRED_DRIVER,DEER_RELATED,DRUG_RELATED,HAZARDOUS_TRUCK,ILLEGAL_DRUG_RELATED,ILLUMINATION_DARK,MINOR_INJURY,MODERATE_INJURY,MAJOR_INJURY,NHTSA_AGG_DRIVING,PSP_REPORTED,RUNNING_STOP_SIGN,TRAIN,TROLLEY,ROADWAY_CRN,RDWY_SEQ_NUM,ADJ_RDWY_SEQ,ACCESS_CTRL,ROADWAY_COUNTY,LANE_COUNT,RDWY_ORIENT,ROAD_OWNER,ROUTE,SPEED_LIMIT,SEGMENT,OFFSET,STREET_NAME
2015024033,11,4,4206,4206,2015,2,4,1444,14,1,4,4,7,2,0,0,1,0,N,N,1,1,1,0,0,0,0,0,0,1,0,0,0,0,0,0,0,0,0,0,0,0,0,0,0,0,0,0,0,0,0,0,0,0,0,0,0,1,0,0,40 50:28.040,80 12:49.098,40.8411,-80.2136,1,1,3,Y,,,0,N,N,,,,,,,,,,,,2015024033,0,1,0,0,0,0,1,0,0,0,0,0,1,1,0,1,0,0,0,1,0,0,0,0,0,0,0,0,0,0,1,0,0,0,0,0,0,0,0,0,0,0,0,0,0,0,0,0,0,0,0,0,0,0,0,0,0,0,0,0,0,0,0,0,0,0,0,1,1,0,0,0,0,0,0,0,0,0,0,0,0,0,0,0,0,0,0,0,0,2015024033,3,3,3,4,2,W,2,288,50,80,300,ZELIENOPLE RD
2015024037,11,4,4206,4206,2015,2,2,1011,10,1,1,0,1,1,0,0,1,0,N,N,2,2,2,1,0,0,1,0,0,0,0,0,1,0,0,0,1,0,0,0,0,0,0,0,0,0,0,0,0,0,0,8,0,0,0,0,0,0,0,0,40 50:36.628,80 13:38.264,40.8435,-80.2273,1,1,4,N,,,0,N,N,,,,,,,,,,,,2015024037,0,1,0,0,0,0,0,0,0,0,1,0,0,0,0,0,0,1,0,1,0,0,0,0,0,0,0,0,0,0,0,0,0,0,0,0,0,0,0,0,0,0,0,0,0,0,0,0,0,0,0,0,0,0,1,0,0,0,0,0,0,0,0,0,0,0,0,0,1,0,0,0,0,1,0,0,0,0,0,0,0,0,0,0,0,0,0,0,0,2015024037,3,3,3,4,2,E,2,288,35,60,2585,ZELIENOPLE RD
2015024046,11,4,4422,4422,2015,2,1,2254,22,3,1,6,2,1,1,2,3,0,N,N,3,4,3,3,0,0,0,0,0,0,0,0,1,0,0,0,1,1,0,0,0,0,0,0,0,0,0,0,0,0,0,8,0,0,0,0,0,0,0,0,40 41:29.493,80 16:50.668,40.6915,-80.2807,,0,,N,,,3,,N,,,,,,,,,,,,2015024046,0,1,1,0,0,0,0,1,0,0,0,1,0,0,0,0,0,1,0,0,1,1,0,0,0,0,0,0,0,0,0,0,0,0,0,0,0,0,0,0,0,0,0,0,0,0,0,0,0,0,0,0,0,0,1,0,0,0,0,0,0,0,0,0,0,0,0,0,1,0,0,0,0,1,0,0,0,0,0,0,1,0,0,0,0,0,0,0,0,2015024046,3,3,3,4,1,U,2,4044,35,20,1828,PENNSYLVANIA AV
2015024137,11,4,4421,4421,2015,1,7,1110,11,1,1,0,2,1,0,0,3,7,N,N,2,2,2,1,0,0,0,1,0,0,0,0,0,0,0,0,0,0,0,0,0,0,0,0,0,0,0,0,0,0,1,0,0,0,0,0,0,1,0,0,40 38:04.504,80 26:58.591,40.6346,-80.4496,,0,,N,,,0,,N,,,,,,,,,,,,2015024137,0,1,0,0,0,0,0,0,0,0,0,1,0,0,0,1,0,0,0,1,0,0,0,0,0,0,0,0,0,0,0,0,0,0,0,0,0,1,0,0,0,0,0,0,0,0,0,0,0,0,0,0,0,0,0,0,0,0,0,0,0,0,1,0,0,0,0,1,1,0,0,0,0,0,1,0,0,0,0,0,0,0,0,0,0,0,0,0,0,2015024137,3,3,3,4,2,W,2,68,25,90,640,MIDLAND RD
2015024349,11,4,4211,4211,2015,2,6,617,6,5,1,3,1,1,0,0,1,7,N,N,2,2,2,1,0,0,1,0,0,0,0,0,0,0,0,0,0,0,0,0,0,0,0,0,0,0,0,0,0,0,0,0,0,0,0,0,0,0,0,0,40 45:38.940,80 11:22.496,40.7608,-80.1896,1,1,4,N,,,0,N,N,,,,,,,,,,,,2015024349,0,1,0,0,0,0,1,0,0,0,1,0,0,0,0,1,0,0,0,1,0,0,0,0,0,0,0,0,0,0,0,0,0,0,0,0,0,0,0,0,0,0,0,0,0,0,0,0,0,0,0,0,0,1,1,0,0,0,0,0,0,0,0,0,0,0,0,0,1,0,0,0,0,0,0,0,0,0,0,0,0,0,0,0,0,0,0,0,0,2015024349,3,3,3,4,2,W,2,68,40,530,2159,SUNFLOWER RD
2015024474,11,4,4212,68T02,2015,2,7,812,8,1,4,3,7,3,0,0,3,0,N,N,2,2,2,0,0,0,0,2,0,0,0,0,1,0,0,1,0,0,0,0,0,0,0,0,0,0,0,0,0,0,2,4,0,0,0,0,0,0,0,0,40 47:02.969,80 14:29.688,40.7843,-80.2419,3,1,3,N,,,0,N,N,,,,,,,,,,,,2015024474,0,0,0,0,1,0,1,0,0,0,0,0,1,1,0,0,0,1,0,1,0,0,0,0,0,0,0,0,1,0,0,0,1,0,1,0,0,1,0,0,0,0,0,0,0,0,0,0,0,0,0,1,0,1,1,0,0,0,0,0,0,0,0,1,0,0,0,0,1,0,0,0,0,1,1,0,0,0,0,0,0,1,0,0,0,1,0,0,0,2015024474,3,3,1,4,4,E,5,7076,65,140,3696,EAST/WEST TU
2015024488,11,4,4214,4202,2015,2,7,1713,17,1,4,3,4,1,0,0,1,3,N,N,2,2,2,0,0,0,0,0,2,0,0,0,0,0,0,0,0,0,0,0,0,0,0,0,0,0,0,0,0,0,0,0,0,0,0,0,0,0,0,0,,,,,,0,,N,,,0,,N,,,,,,,,,,,,2015024488,0,1,0,0,0,0,1,0,0,0,0,0,0,0,0,1,0,0,0,1,0,0,0,0,0,0,0,0,0,0,0,0,0,0,0,0,0,0,0,0,0,0,0,0,0,0,0,0,0,0,0,0,0,0,0,0,0,0,0,0,0,0,0,0,0,0,0,0,1,0,0,0,0,0,0,0,0,0,0,0,0,0,0,0,0,0,0,0,0,2015024488,3,3,3,4,2,S,2,18,45,360,,FRANKFORT RD
2015024563,11,4,4105,4105,2015,2,4,1024,10,1,1,0,4,1,1,2,3,0,N,N,2,3,2,0,0,0,0,0,1,1,0,0,0,0,0,0,0,0,0,0,0,0,0,0,0,0,0,0,0,0,0,0,0,0,0,0,0,1,0,0,40 42:57.898,80 17:59.997,40.7161,-80.3,1,1,1,N,,,3,N,N,,,,,,,,,,,,2015024563,0,1,1,0,0,0,0,0,0,0,0,0,0,0,0,1,0,0,0,0,1,1,0,0,0,0,0,0,0,0,0,0,0,0,0,0,0,0,0,0,0,0,0,0,0,0,0,1,0,0,0,0,0,0,1,0,0,0,0,0,0,0,0,0,0,0,0,1,1,0,0,0,0,0,0,0,0,0,0,0,0,0,0,0,0,0,0,0,0,2015024563,3,3,3,4,2,N,2,18,40,560,0,JUNCTION STRETCH RD
2015024570,11,4,4407,4407,2015,2,7,1225,12,1,4,4,7,2,0,0,3,0,N,N,1,3,1,0,0,0,0,0,1,0,0,0,0,0,0,0,0,0,0,0,0,0,0,0,0,0,0,0,0,0,0,0,0,0,0,1,0,0,0,0,40 39:55.901,80 14:30.661,40.6655,-80.2419,1,1,1,N,,,0,N,N,,,,,,,,,,,,2015024570,0,1,0,0,0,0,1,0,0,0,0,0,1,1,0,1,0,0,0,1,0,0,0,0,0,0,0,0,0,0,0,0,1,0,0,0,0,0,0,0,0,0,0,0,0,0,0,0,0,0,0,0,0,0,0,0,0,0,0,0,0,0,0,0,0,1,0,0,1,0,0,0,0,0,0,0,0,0,0,0,0,0,0,0,0,0,0,0,0,2015024570,3,3,3,4,2,N,2,65,40,150,1090,OHIO RIVER BL
2015024575,11,4,4421,4421,2015,2,4,2152,21,3,4,1,5,6,0,0,3,0,N,N,2,4,2,1,0,0,0,0,0,0,0,0,0,0,0,0,0,0,0,0,0,0,0,0,0,0,0,0,0,0,0,0,0,0,0,0,1,0,0,0,40 38:14.103,80 27:12.208,40.6373,-80.4534,,0,,N,,,0,,N,,,,,,,,,,,,2015024575,0,1,0,0,0,1,0,0,0,0,0,0,0,0,0,1,0,0,0,1,0,0,0,0,0,0,0,0,0,0,0,0,0,0,0,0,0,0,0,0,0,0,0,0,0,0,0,0,0,0,0,0,0,0,0,0,0,0,0,0,0,0,1,0,0,0,1,0,1,0,1,0,0,0,0,0,0,0,0,0,1,0,0,0,0,0,0,0,0,2015024575,3,3,3,4,2,W,2,68,25,80,1808,MIDLAND RD
2015024586,11,4,4430,4430,2015,2,1,2330,23,2,4,5,7,4,0,0,1,0,N,N,1,1,1,1,0,0,0,0,0,0,0,0,1,0,0,1,0,0,0,0,0,0,0,0,0,0,0,0,0,0,0,4,0,0,1,0,0,0,0,0,40 41:55.434,80 25:04.293,40.6987,-80.4179,,0,,N,,,0,,N,,,,,,,,,,,,2015024586,0,1,0,0,0,0,0,1,0,0,0,0,1,1,0,0,0,1,0,1,0,0,0,0,0,0,0,0,0,1,0,0,0,0,0,0,0,0,0,0,0,0,0,0,0,0,0,0,0,0,0,0,0,0,0,0,0,0,0,0,0,0,0,1,1,0,0,0,1,0,0,0,0,1,0,0,0,0,0,0,1,1,0,0,0,0,0,0,0,2015024586,3,3,3,4,2,E,2,4028,40,70,619,TUSCARAWAS RD
2015024658,11,4,4208,68D04,2015,2,2,2040,20,2,4,5,7,4,0,0,1,0,Y,Y,1,1,1,1,0,0,0,0,0,0,0,0,0,0,0,0,0,0,0,0,0,0,0,0,0,0,0,0,0,0,0,0,0,0,0,0,0,0,0,0,40 30:04.486,80 25:24.706,40.5012,-80.4235,,0,,Y,,,0,,N,,,,,,,,,,,,2015024658,0,0,1,1,0,0,0,1,0,0,0,0,1,1,0,1,0,0,0,1,0,0,0,0,1,1,0,0,1,0,0,0,0,0,0,0,0,0,0,0,0,0,0,0,0,0,0,0,0,0,0,0,0,0,0,0,0,0,0,0,0,0,0,1,0,0,0,0,1,0,0,0,0,0,0,0,0,0,0,0,1,0,0,0,0,1,0,0,0,2015024658,3,3,,4,2,W,7,,15,,,RACCOON CREEK STATE RD
2015024659,11,4,4208,68D04,2015,2,2,2042,20,2,4,5,2,1,0,0,1,0,N,N,2,2,2,2,0,0,0,0,0,0,0,0,0,0,0,0,0,0,0,0,0,0,0,0,0,0,0,0,0,0,0,0,0,0,0,1,0,0,0,0,40 30:04.439,80 25:24.762,40.5012,-80.4235,,0,,N,,,0,,N,,,,,,,,,,,,2015024659,0,0,1,1,0,0,0,1,0,0,0,1,0,0,0,1,0,0,0,1,0,0,0,0,0,0,0,0,0,0,0,0,0,0,0,0,0,0,0,0,0,0,0,0,0,0,0,0,0,0,0,0,0,0,0,0,0,0,0,0,0,0,0,1,0,1,0,0,1,0,0,0,0,0,0,0,0,0,0,0,1,0,0,0,0,1,0,0,0,2015024659,3,3,,4,2,W,7,,15,,,RACCOON CREEK STATE RD
2015024771,11,4,4203,4203,2015,2,5,0,0,3,1,0,4,1,1,2,1,0,N,N,2,3,2,2,0,0,0,0,0,0,0,0,1,1,0,0,0,0,3,0,1,0,0,0,0,0,0,0,0,0,0,2,0,1,0,0,0,0,0,0,40 46:17.287,80 22:17.933,40.7631,-80.3613,2,2,5,N,,,3,N,N,,,,,,,,,,,,2015024771,0,1,0,0,0,0,0,0,0,0,0,0,0,0,0,0,1,1,0,0,1,1,0,0,0,0,0,0,0,0,0,0,0,0,0,0,0,0,0,0,0,0,0,0,0,0,0,0,0,0,0,0,0,0,0,0,0,1,0,0,1,0,0,0,0,0,0,0,1,0,0,0,0,1,0,0,0,0,0,0,1,0,0,1,0,0,0,0,0,2015024771,3,3,3,4,2,N,2,51,45,380,2953,CONSTITUTION BL
2015024902,11,4,4211,4211,2015,1,7,635,6,5,1,0,2,1,0,0,1,0,N,N,2,2,2,1,0,0,0,0,1,0,0,1,1,0,1,0,0,0,1,0,0,1,0,0,0,0,0,0,0,0,0,1,0,0,0,0,0,1,0,0,40 40:28.650,80 10:19.173,40.6746,-80.172,4,2,6,N,2,0,0,Y,N,,,,,,,,,,,,2015024902,0,1,0,0,0,0,0,0,0,0,0,1,0,0,0,0,1,1,1,1,0,0,0,0,0,0,0,0,0,0,0,0,0,0,0,0,0,0,0,0,0,0,0,0,0,0,0,0,0,0,0,0,0,0,0,0,0,0,0,0,1,0,0,1,0,0,0,1,1,0,0,0,1,1,0,1,0,1,0,0,0,0,1,0,0,0,0,0,0,2015024902,3,3,3,4,2,W,2,2004,40,100,2197,FREEDOM CRIDER RD
2015024930,11,4,4203,4203,2015,2,5,1031,10,1,1,0,4,1,1,2,1,0,N,N,2,2,2,2,0,0,0,0,0,0,0,0,1,0,0,1,0,0,0,0,0,0,0,0,0,0,0,0,0,0,0,4,0,0,1,0,0,0,1,0,40 46:17.287,80 22:17.933,40.7631,-80.3613,,0,,N,,,3,,N,,,,,,,,,,,,2015024930,0,1,0,0,0,0,0,0,0,0,0,0,0,0,0,0,0,1,0,0,1,1,0,0,0,0,0,0,0,0,0,0,0,0,0,0,0,0,0,0,0,0,0,0,0,0,0,1,0,0,0,0,0,0,1,0,0,0,1,0,0,0,0,0,1,0,0,0,1,0,0,0,0,1,0,0,0,0,0,0,0,1,0,0,0,0,0,0,0,2015024930,3,3,3,4,2,N,2,51,45,380,2953,CONSTITUTION BL
2015024935,11,4,4301,4301,2015,2,5,1309,13,1,1,0,4,1,1,2,3,0,N,N,2,1,2,1,0,0,0,0,1,0,0,0,0,0,0,0,0,0,0,0,0,0,0,0,0,0,0,0,0,0,0,0,0,0,0,0,0,0,0,1,40 45:50.592,80 19:09.499,40.7641,-80.3193,1,1,2,N,,,3,N,N,,,,,,,,,,,,2015024935,0,1,1,0,0,0,0,0,0,0,0,0,0,0,0,1,0,0,0,0,1,1,0,0,0,0,0,0,0,0,0,0,0,0,0,0,0,0,0,0,0,0,0,0,0,0,0,0,0,0,0,0,0,0,0,0,0,0,0,1,0,0,0,0,0,0,0,0,1,0,0,0,0,0,0,0,0,0,0,0,0,0,0,0,0,0,0,0,0,2015024935,3,3,3,4,1,S,2,18,25,661,0,COLLEGE AV
2015024958,11,4,4430,4430,2015,2,1,1759,17,4,1,4,7,5,0,0,1,0,N,N,1,1,1,0,0,0,0,0,1,0,0,0,1,0,1,0,0,0,0,0,0,0,0,0,0,0,0,0,0,0,0,3,0,0,0,0,0,0,0,0,40 40:28.600,80 30:10.400,40.6746,-80.5029,3,2,7,N,,,0,Y,N,,,,,,,,,,,,2015024958,0,0,1,1,0,0,1,0,0,1,0,0,1,1,0,0,0,1,0,1,0,0,0,0,0,0,0,0,1,1,0,0,0,0,0,0,0,0,0,0,0,0,0,0,0,0,0,0,0,0,0,0,1,1,1,0,0,0,0,0,0,0,0,1,0,0,0,0,1,0,0,0,0,1,0,0,0,0,0,0,0,0,1,0,0,0,0,0,0,2015024958,3,3,,4,2,S,4,,25,,,TUSCARAWAS RD
2015025326,11,4,4105,4105,2015,2,5,2011,20,2,1,5,7,5,0,0,3,0,N,N,1,1,1,1,0,0,0,0,0,0,0,0,0,0,0,0,0,0,0,0,0,0,0,0,0,0,0,0,0,0,0,0,0,0,0,0,0,0,0,0,40 43:18.660,80 14:59.823,40.7219,-80.25,1,2,6,Y,,,0,N,N,,,,,,,,,,,,2015025326,0,1,0,0,0,0,0,1,0,0,0,0,1,1,0,1,0,0,0,1,0,0,0,0,0,0,0,1,0,0,0,0,0,0,0,0,0,0,0,0,0,0,0,0,0,0,0,0,0,0,0,0,0,1,1,0,0,0,0,0,0,0,0,1,0,0,0,0,1,0,0,0,0,0,0,0,0,0,0,0,1,0,0,0,0,0,0,0,0,2015025326,3,3,3,4,2,B,2,1024,40,50,249,DEER LN ET
2015025373,11,4,4301,4301,2015,2,6,0,0,3,4,3,7,2,10,0,3,0,N,N,1,1,1,1,0,0,0,0,0,0,0,0,0,0,0,0,0,0,0,0,0,0,0,0,0,0,0,0,0,0,0,0,0,0,0,0,0,0,0,0,40 45:34.434,80 19:29.488,40.7596,-80.3249,,0,,N,,,0,,N,,,,,,,,,,,,2015025373,0,0,1,1,0,0,1,0,0,0,0,0,1,1,0,1,0,0,0,0,1,0,0,1,0,0,0,0,1,0,0,1,0,0,0,0,0,0,0,0,0,0,0,0,0,0,0,0,0,0,0,0,0,0,0,0,0,0,0,0,0,0,0,1,0,0,0,0,1,0,0,0,0,0,0,0,0,0,0,0,1,0,0,0,0,0,0,0,0,2015025373,3,4,,4,2,W,4,,25,,,19TH AV
2015025377,11,4,4426,4426,2015,2,3,35,0,3,1,0,7,2,0,0,3,0,N,N,1,1,1,1,0,0,0,0,0,0,0,0,0,0,0,0,0,0,0,0,0,0,0,0,0,0,0,0,0,0,0,0,0,0,0,0,0,0,0,0,40 42:16.093,80 17:29.320,40.7045,-80.2915,2,2,2,N,,,0,N,N,,,,,,,,,,,,2015025377,0,1,0,0,0,0,0,0,0,0,0,0,1,1,0,1,0,0,0,1,0,0,0,0,0,0,0,0,0,0,1,0,1,0,0,0,0,0,0,0,0,0,0,0,0,0,0,0,0,0,0,0,0,0,0,0,0,0,0,0,0,0,1,0,0,0,0,0,1,0,0,0,1,0,0,1,0,1,0,0,1,0,0,0,0,0,0,0,0,2015025377,3,3,3,4,2,S,2,18,35,541,1063,OHIO RIVER BL
2015025482,11,4,4102,4102,2015,2,3,1145,11,1,1,0,0,1,2,0,3,0,N,N,1,1,1,0,0,0,0,1,0,0,0,0,0,0,0,0,0,0,0,0,0,0,0,0,0,0,0,0,0,0,1,0,0,0,0,0,0,0,0,0,40 37:11.930,80 13:35.147,40.62,-80.2264,4,1,2,N,,,0,Y,N,,,,,,,,,,,,2015025482,0,1,1,0,0,0,0,0,0,0,0,0,0,1,0,1,0,0,0,0,1,0,0,1,0,0,0,0,0,0,0,0,0,0,0,0,0,1,1,0,0,0,0,0,0,0,0,0,0,0,0,0,0,0,1,0,0,0,0,0,0,0,0,0,0,0,0,0,1,0,0,0,0,0,1,0,0,0,0,0,0,0,0,0,0,0,0,0,0,2015025482,3,3,3,4,2,S,2,2001,40,30,0,DUSS AV
2015025518,11,4,4426,4426,2015,2,6,800,8,1,1,0,1,1,6,4,3,2,N,N,2,2,2,2,0,0,0,0,0,0,0,0,1,0,0,1,0,0,0,0,0,0,0,0,0,0,0,0,0,0,0,4,0,0,0,0,0,0,1,0,40 41:57.416,80 17:11.479,40.6993,-80.2869,,0,,N,,,3,,N,,,,,,,,,,,,2015025518,0,1,0,0,0,0,0,0,0,0,1,0,0,0,0,0,0,1,0,0,1,0,0,1,0,0,0,0,0,0,0,0,0,0,0,0,0,0,0,0,0,0,0,0,0,0,0,0,0,0,0,0,0,0,1,0,0,0,1,0,0,0,1,1,0,0,0,0,1,0,0,0,0,1,0,0,0,0,0,0,0,1,0,0,0,0,0,0,0,2015025518,3,3,3,4,2,S,2,18,35,531,850,OHIO RIVER BL
2015025695,11,4,4211,4211,2015,2,6,2024,20,3,1,0,6,1,2,0,1,0,N,N,2,3,2,1,0,0,1,0,0,0,0,0,1,0,0,1,0,0,0,0,0,0,0,0,0,0,0,0,0,0,0,4,0,0,0,0,0,2,0,0,40 40:52.053,80 14:26.523,40.6811,-80.2407,1,1,3,N,,,0,N,N,,,,,,,,,,,,2015025695,0,1,1,0,0,0,0,0,0,0,0,1,0,0,0,0,0,1,0,0,1,0,0,1,0,0,0,0,0,0,0,0,0,0,0,0,0,0,0,0,0,1,1,0,0,0,0,0,0,0,0,0,0,0,0,0,0,0,0,0,0,0,0,0,0,0,0,1,1,0,0,0,0,1,0,1,0,0,0,0,1,1,0,0,0,0,0,0,0,2015025695,3,3,3,4,2,W,2,2002,35,20,900,HARVEY RUN RD
2015025852,11,4,4420,4420,2015,2,1,1640,16,1,1,2,6,1,0,0,3,0,N,N,2,4,2,1,0,0,0,0,1,0,0,0,0,0,0,0,0,0,1,0,0,0,0,0,0,0,0,0,0,0,0,0,0,0,0,0,1,0,0,0,40 50:19.495,80 19:19.900,40.8387,-80.3222,2,1,6,N,,,0,N,N,,,,,,,,,,,,2015025852,0,1,0,0,0,0,0,0,0,0,0,1,0,0,0,1,0,0,0,1,0,0,0,0,0,0,0,0,0,0,0,0,0,0,0,0,0,0,0,0,0,0,0,0,0,0,0,0,0,0,1,0,0,0,0,0,0,0,0,0,1,0,0,1,0,0,1,0,1,0,0,0,0,0,0,0,0,0,0,0,0,0,0,0,0,0,0,0,0,2015025852,3,3,3,4,2,E,2,351,35,150,1755,FIFTH AV
2015025889,11,4,4203,4203,2015,2,7,1740,17,1,1,0,4,1,0,0,1,7,N,N,2,3,2,1,0,0,1,0,0,0,0,0,2,0,1,1,0,0,0,0,0,0,0,0,0,0,0,0,0,0,0,3,0,1,0,0,0,0,0,0,40 46:28.696,80 22:30.168,40.7746,-80.375,,0,,N,,,0,,N,,,,,,,,,,,,2015025889,0,1,0,0,0,0,0,0,0,0,0,0,0,0,0,0,0,1,0,1,0,0,0,0,0,0,0,0,0,0,0,0,0,0,0,0,0,0,0,0,0,0,0,0,0,0,0,0,0,0,0,0,0,0,0,0,0,1,0,0,0,0,1,0,0,0,0,0,1,0,0,0,0,1,0,0,0,0,0,0,0,1,1,0,0,0,0,0,0,2015025889,3,3,3,4,2,N,2,251,35,140,435,SHENANGO RD
2015025893,11,4,4409,4426,2015,2,7,1600,16,1,1,0,4,1,0,2,1,7,N,N,2,2,2,0,0,0,1,0,1,0,0,0,0,0,0,0,0,0,0,0,0,0,0,0,0,0,0,0,0,0,0,0,0,0,0,0,0,1,1,0,40 41:52.858,80 16:15.255,40.698,-80.2709,1,1,1,N,,,3,N,N,,,,,,,,,,,,2015025893,0,1,0,0,0,0,0,0,0,0,0,0,0,0,0,1,0,0,0,1,0,0,0,0,0,0,0,0,0,0,0,0,0,0,0,0,0,0,0,0,0,0,0,0,0,0,0,0,0,0,0,0,0,0,1,0,0,0,1,0,0,0,0,0,0,0,0,1,1,0,0,0,0,0,0,0,0,0,0,0,0,0,0,0,1,0,0,0,0,2015025893,3,3,3,4,2,S,2,51,45,201,1815,OHIO RIVER BL
2015025911,11,4,4407,4407,2015,2,7,1721,17,1,1,0,7,2,0,0,3,0,N,N,1,1,1,1,0,0,0,0,0,0,0,0,0,0,0,0,0,0,1,0,0,0,0,0,0,0,0,0,0,0,0,0,0,0,0,0,0,0,0,1,40 39:48.685,80 14:04.091,40.6635,-80.2345,1,1,6,N,,,0,N,N,,,,,,,,,,,,2015025911,0,1,0,0,0,0,0,0,0,0,0,0,1,1,0,1,0,0,0,1,0,0,0,0,0,0,0,0,0,0,0,0,0,0,0,0,0,0,0,0,0,0,0,0,0,0,0,0,0,0,1,0,0,0,0,0,0,0,0,1,1,0,0,1,0,0,0,0,1,0,0,0,0,0,0,0,0,0,0,0,0,0,0,0,0,0,0,0,0,2015025911,3,3,3,4,2,W,2,2008,25,30,36,THIRTEENTH ST
2015026017,11,4,4201,4201,2015,3,1,659,6,1,4,5,7,4,0,0,3,0,N,N,1,1,1,0,0,0,1,0,0,0,0,0,1,0,0,1,0,0,0,0,0,0,0,0,0,0,0,0,0,0,0,4,0,0,0,0,0,0,0,0,40 42:48.269,80 20:20.125,40.7134,-80.3389,1,1,4,N,,,0,N,N,,,,,,,,,,,,2015026017,0,1,0,0,0,0,0,1,0,0,0,0,1,1,0,0,0,1,0,1,0,0,0,0,0,0,0,1,0,0,0,0,0,0,0,0,0,0,0,0,0,0,0,0,0,0,0,0,0,0,0,0,0,0,0,0,0,0,0,0,0,0,0,0,0,0,0,0,1,0,0,0,0,1,0,0,0,0,0,0,0,1,0,0,0,0,0,0,0,2015026017,3,3,3,4,2,E,2,4018,35,40,1150,DUTCH RIDGE RD