CRASH_CRN,DISTRICT,CRASH_COUNTY,MUNICIPALITY,POLICE_AGCY,CRASH_YEAR,CRASH_MONTH,DAY_OF_WEEK,TIME_OF_DAY,HOUR_OF_DAY,ILLUMINATION,WEATHER,ROAD_CONDITION,COLLISION_TYPE,RELATION_TO_ROAD,INTERSECT_TYPE,TCD_TYPE,URBAN_RURAL,LOCATION_TYPE,SCH_BUS_IND,SCH_ZONE_IND,TOTAL_UNITS,PERSON_COUNT,VEHICLE_COUNT,AUTOMOBILE_COUNT,MOTORCYCLE_COUNT,BUS_COUNT,SMALL_TRUCK_COUNT,HEAVY_TRUCK_COUNT,SUV_COUNT,VAN_COUNT,BICYCLE_COUNT,FATAL_COUNT,INJURY_COUNT,MAJ_INJ_COUNT,MOD_INJ_COUNT,MIN_INJ_COUNT,UNK_INJ_DEG_COUNT,UNK_INJ_PER_COUNT,UNBELTED_OCC_COUNT,UNB_DEATH_COUNT,UNB_MAJ_INJ_COUNT,BELTED_DEATH_COUNT,BELTED_MAJ_INJ_COUNT,MCYCLE_DEATH_COUNT,MCYCLE_MAJ_INJ_COUNT,BICYCLE_DEATH_COUNT,BICYCLE_MAJ_INJ_COUNT,PED_COUNT,PED_DEATH_COUNT,PED_MAJ_INJ_COUNT,COMM_VEH_COUNT,MAX_SEVERITY_LEVEL,DRIVER_COUNT_16YR,DRIVER_COUNT_17YR,DRIVER_COUNT_18YR,DRIVER_COUNT_19YR,DRIVER_COUNT_20YR,DRIVER_COUNT_50_64YR,DRIVER_COUNT_65_74YR,DRIVER_COUNT_75PLUS,LATITUDE,LONGITUDE,DEC_LAT,DEC_LONG,EST_HRS_CLOSED,LANE_CLOSED,LN_CLOSE_DIR,NTFY_HIWY_MAINT,RDWY_SURF_TYPE_CD,SPEC_JURIS_CD,TCD_FUNC_CD,TFC_DETOUR_IND,WORK_ZONE_IND,WORK_ZONE_TYPE,WORK_ZONE_LOC,CONS_ZONE_SPD_LIM,WORKERS_PRES,WZ_CLOSE_DETOUR,WZ_FLAGGER,WZ_LAW_OFFCR_IND,WZ_LN_CLOSURE,WZ_MOVING,WZ_OTHER,WZ_SHLDER_MDN,FLAG_CRN,INTERSTATE,STATE_ROAD,LOCAL_ROAD,LOCAL_ROAD_ONLY,TURNPIKE,WET_ROAD,SNOW_SLUSH_ROAD,ICY_ROAD,SUDDEN_DEER,SHLDR_RELATED,REAR_END,HO_OPPDIR_SDSWP,HIT_FIXED_OBJECT,SV_RUN_OFF_RD,WORK_ZONE,PROPERTY_DAMAGE_ONLY,FATAL_OR_MAJ_INJ,INJURY,FATAL,NON_INTERSECTION,INTERSECTION,SIGNALIZED_INT,STOP_CONTROLLED_INT,UNSIGNALIZED_INT,SCHOOL_BUS,SCHOOL_ZONE,HIT_DEER,HIT_TREE_SHRUB,HIT_EMBANKMENT,HIT_POLE,HIT_GDRAIL,HIT_GDRAIL_END,HIT_BARRIER,HIT_BRIDGE,OVERTURNED,MOTORCYCLE,BICYCLE,HVY_TRUCK_RELATED,VEHICLE_FAILURE,TRAIN_TROLLEY,PHANTOM_VEHICLE,ALCOHOL_RELATED,DRINKING_DRIVER,UNDERAGE_DRNK_DRV,UNLICENSED,CELL_PHONE,NO_CLEARANCE,RUNNING_RED_LT,TAILGATING,CROSS_MEDIAN,CURVE_DVR_ERROR,LIMIT_65MPH,SPEEDING,SPEEDING_RELATED,AGGRESSIVE_DRIVING,FATIGUE_ASLEEP,DRIVER_16YR,DRIVER_17YR,DRIVER_65_74YR,DRIVER_75PLUS,UNBELTED,PEDESTRIAN,DISTRACTED,CURVED_ROAD,DRIVER_18YR,DRIVER_19YR,DRIVER_20YR,DRIVER_50_64YR,VEHICLE_TOWED,FIRE_IN_VEHICLE,HIT_PARKED_VEHICLE,MC_DRINKING_DRIVER,DRUGGED_DRIVER,INJURY_OR_FATAL,COMM_VEHICLE,IMPAIRED_DRIVER,DEER_RELATED,DRUG_RELATED,HAZARDOUS_TRUCK,ILLEGAL_DRUG_RELATED,ILLUMINATION_DARK,MINOR_INJURY,MODERATE_INJURY,MAJOR_INJURY,NHTSA_AGG_DRIVING,PSP_REPORTED,RUNNING_STOP_SIGN,TRAIN,TROLLEY,ROADWAY_CRN,RDWY_SEQ_NUM,ADJ_RDWY_SEQ,ACCESS_CTRL,ROADWAY_COUNTY,LANE_COUNT,RDWY_ORIENT,ROAD_OWNER,ROUTE,SPEED_LIMIT,SEGMENT,OFFSET,STREET_NAME
2015057234,11,4,4402,4402,2015,5,7,1248,12,1,1,0,1,1,1,2,3,0,N,N,2,2,2,2,0,0,0,0,0,0,0,0,1,0,0,1,0,0,0,0,0,0,0,0,0,0,0,0,0,0,0,4,1,0,0,0,0,1,0,0,40 35:01.323,80 13:30.658,40.5837,-80.2252,,0,,N,,,3,,N,,,,,,,,,,,,2015057234,0,0,1,1,0,0,0,0,0,0,1,0,0,0,0,0,0,1,0,0,1,1,0,0,0,0,0,0,0,0,0,0,0,0,0,0,0,0,0,0,0,0,0,0,0,0,0,0,0,0,0,0,0,0,0,0,1,0,0,0,0,0,1,0,0,0,0,1,1,0,0,0,0,1,0,0,0,0,0,0,0,1,0,0,0,0,0,0,0,2015057234,3,4,,4,2,W,4,,25,,,4TH ST
2015057442,11,4,4212,4212,2015,5,1,1045,10,1,1,1,4,1,0,0,3,7,N,N,2,3,2,1,0,0,1,0,0,0,0,0,1,0,0,1,0,0,0,0,0,0,0,0,0,0,0,0,0,0,0,4,0,0,0,0,0,0,0,1,40 49:57.903,80 17:34.834,40.8328,-80.293,,0,,N,,,0,,N,,,,,,,,,,,,2015057442,0,1,0,0,0,1,0,0,0,0,0,0,0,0,0,0,0,1,0,1,0,0,0,0,0,0,0,0,0,0,0,0,0,0,0,0,0,0,0,0,0,0,0,0,0,0,0,0,0,0,0,0,0,0,1,0,0,0,0,1,0,0,1,0,0,0,0,0,1,0,0,0,0,1,0,0,0,0,0,0,0,1,0,0,0,0,0,0,0,2015057442,3,3,3,4,2,S,2,1003,35,30,1172,BRIGHTON RD
2015057569,11,4,4405,68T02,2015,5,6,1625,16,1,1,0,5,1,0,0,3,0,N,N,2,3,2,1,0,0,0,1,0,0,0,0,0,0,0,0,0,0,0,0,0,0,0,0,0,0,0,0,0,0,1,0,0,0,0,0,0,0,1,0,40 48:46.137,80 19:20.181,40.8129,-80.3224,,0,,N,,,0,,N,,,,,,,,,,,,2015057569,0,0,0,0,1,0,0,0,0,0,0,0,0,0,0,1,0,0,0,1,0,0,0,0,0,0,0,0,0,0,0,0,0,0,0,0,0,1,0,0,0,0,0,0,0,0,0,0,0,0,0,1,0,0,1,0,0,0,1,0,0,0,0,0,0,0,0,0,1,0,0,0,0,0,1,0,0,0,0,0,0,0,0,0,0,1,0,0,0,2015057569,3,3,1,4,4,W,5,7076,65,80,686,EAST/WEST TU
2015057591,11,4,4211,4211,2015,5,6,1453,14,1,1,0,1,1,0,0,1,0,N,Y,2,2,2,1,0,0,0,0,1,0,0,0,0,0,0,0,0,0,0,0,0,0,0,0,0,0,0,0,0,0,0,0,1,0,0,0,0,1,0,0,40 43:38.334,80 14:37.364,40.7273,-80.2437,1,1,4,N,,,0,N,N,,,,,,,,,,,,2015057591,0,1,0,0,0,0,0,0,0,0,1,0,0,0,0,1,0,0,0,1,0,0,0,0,0,1,0,0,0,0,0,0,0,0,0,0,0,0,0,0,0,0,0,0,0,0,0,0,0,0,0,0,0,0,0,0,1,0,0,0,0,0,0,0,0,0,0,1,1,0,0,0,0,0,0,0,0,0,0,0,0,0,0,0,0,0,0,0,0,2015057591,3,3,3,4,2,W,2,1024,40,60,1808,DEER LN ET
2015057643,11,4,4211,4211,2015,5,1,2240,22,3,1,0,1,1,1,3,1,0,N,N,2,2,2,2,0,0,0,0,0,0,0,0,0,0,0,0,0,0,0,0,0,0,0,0,0,0,0,0,0,0,0,0,0,0,0,0,0,2,0,0,40 43:52.621,80 14:23.384,40.7313,-80.2398,,0,,N,,,3,,N,,,,,,,,,,,,2015057643,0,1,0,0,0,0,0,0,0,0,1,0,0,0,0,1,0,0,0,0,1,0,1,1,0,0,0,0,0,0,0,0,0,0,0,0,0,0,0,0,0,1,1,0,0,0,0,0,0,0,0,0,0,0,1,0,0,0,0,0,0,0,1,0,0,0,0,1,1,0,0,0,0,0,0,1,0,0,0,0,1,0,0,0,0,0,0,0,0,2015057643,3,3,3,4,2,N,2,68,35,480,0,SUNFLOWER RD
2015057849,11,4,4105,4105,2015,6,2,731,7,1,1,0,7,4,0,0,3,0,N,N,1,1,1,1,0,0,0,0,0,0,0,0,0,0,0,0,0,0,0,0,0,0,0,0,0,0,0,0,0,0,0,0,0,0,0,0,0,0,0,0,40 42:46.644,80 16:27.519,40.713,-80.2743,1,1,3,N,,,0,N,N,,,,,,,,,,,,2015057849,0,1,0,0,0,0,0,0,0,0,0,0,1,1,0,1,0,0,0,1,0,0,0,0,0,0,0,0,1,0,0,0,0,0,1,0,0,0,0,0,0,0,0,0,0,0,0,0,0,0,0,0,0,0,0,0,0,0,0,0,0,0,0,1,0,0,0,0,1,0,0,0,0,0,0,0,0,0,0,0,0,0,0,0,0,0,0,0,0,2015057849,3,3,3,4,2,W,2,1024,35,10,2379,DEER LN ET
2015058032,11,4,4217,4217,2015,6,2,1916,19,4,1,0,7,4,0,0,1,0,N,N,1,1,1,1,0,0,0,0,0,0,0,0,0,0,0,0,0,0,0,0,0,0,0,0,0,0,0,0,0,0,0,0,0,1,0,0,0,0,0,0,,,,,,0,,N,,,0,,N,,,,,,,,,,,,2015058032,0,0,1,1,0,0,0,0,0,0,0,0,1,1,0,1,0,0,0,1,0,0,0,0,0,0,0,1,0,0,0,0,0,0,0,0,0,0,0,0,0,0,0,0,0,0,0,0,0,0,0,0,0,0,0,0,0,1,0,0,0,0,0,0,0,0,0,0,1,0,0,0,0,0,0,0,0,0,0,0,0,0,0,0,0,0,0,0,0,2015058032,3,3,,4,2,W,4,T404,30,,,DEHAVEN RD
2015058068,11,4,4414,4414,2015,5,5,2121,21,1,1,0,5,1,6,4,3,2,N,N,2,3,2,1,0,0,0,0,0,1,0,0,1,0,0,1,0,0,0,0,0,0,0,0,0,0,0,0,0,0,0,4,0,0,0,0,0,1,0,0,40 41:37.355,80 15:46.024,40.6937,-80.2628,1,1,2,N,,,3,N,N,,,,,,,,,,,,2015058068,0,1,0,0,0,0,0,0,0,0,0,0,0,0,0,0,0,1,0,0,1,0,0,1,0,0,0,0,0,0,0,0,0,0,0,0,0,0,0,0,0,0,0,0,0,0,0,0,0,0,0,0,0,0,1,0,0,0,0,0,0,0,0,0,0,0,0,1,1,0,0,0,0,1,0,0,0,0,0,0,0,1,0,0,1,0,0,0,0,2015058068,3,3,3,4,2,S,2,65,50,191,1275,OHIO RIVER BL
2015058184,11,4,4211,68T02,2015,5,7,1416,14,1,2,1,1,1,0,0,1,0,N,N,2,5,2,0,0,0,0,0,1,1,0,0,1,0,0,1,0,0,1,0,0,0,0,0,0,0,0,0,0,0,0,4,0,0,0,0,0,2,0,0,40 45:21.122,80 13:16.024,40.7557,-80.2204,,0,,N,,,0,,N,,,,,,,,,,,,2015058184,0,0,0,0,1,1,0,0,0,0,1,0,0,0,0,0,0,1,0,1,0,0,0,0,0,0,0,0,0,0,0,0,1,0,0,0,0,0,0,0,0,0,0,0,0,0,0,0,0,0,0,1,0,1,1,0,0,0,0,0,1,0,0,0,0,0,0,1,1,0,0,0,0,1,0,0,0,0,0,0,0,1,0,0,0,1,0,0,0,2015058184,3,3,1,4,4,W,5,7076,65,180,528,EAST/WEST TU
2015058489,11,4,4423,4423,2015,5,1,2300,23,3,1,0,1,1,2,2,3,0,N,N,2,6,2,1,0,0,1,0,0,0,0,0,0,0,0,0,0,0,0,0,0,0,0,0,0,0,0,0,0,0,0,0,0,0,0,0,0,0,0,0,40 43:35.065,80 18:25.152,40.7264,-80.307,,0,,N,,,3,,N,,,,,,,,,,,,2015058489,0,1,1,0,0,0,0,0,0,0,1,0,0,0,0,1,0,0,0,0,1,1,0,0,0,0,0,0,0,0,0,0,0,0,0,0,0,0,0,0,0,1,1,0,0,0,0,0,0,0,0,0,0,0,0,0,0,0,0,0,0,0,0,0,0,0,0,0,1,0,0,0,0,0,0,1,0,0,0,0,1,0,0,0,0,0,0,0,0,2015058489,3,3,3,4,2,N,2,18,30,570,1149,THIRD AV
2015058631,11,4,4204,4204,2015,5,6,1630,16,1,1,0,2,1,1,1,1,0,N,N,2,3,2,1,0,0,1,0,0,0,0,0,2,0,1,1,0,0,0,0,0,0,0,0,0,0,0,0,0,0,0,3,0,0,0,0,0,0,1,0,40 47:53.473,80 25:50.874,40.7982,-80.4308,2,1,4,Y,,,3,N,N,,,,,,,,,,,,2015058631,0,1,1,0,0,0,0,0,0,0,0,1,0,0,0,0,0,1,0,0,1,1,0,0,0,0,0,0,0,0,0,0,0,0,0,0,0,0,0,0,0,0,0,0,0,0,1,0,0,0,0,0,0,0,1,0,0,0,1,0,0,0,0,0,0,0,0,0,1,0,0,0,0,1,0,0,0,0,0,0,0,1,1,0,0,0,0,0,0,2015058631,3,3,3,4,2,S,2,51,55,481,0,CONSTITUTION BL
2015058650,11,4,4105,4105,2015,5,4,1404,14,1,1,0,4,1,1,2,3,0,N,N,2,2,2,0,0,0,0,0,1,1,0,0,0,0,0,0,0,0,0,0,0,0,0,0,0,0,0,0,0,0,0,0,0,0,0,0,0,1,0,0,40 42:57.898,80 17:59.997,40.7161,-80.3,2,2,1,N,,,3,Y,N,,,,,,,,,,,,2015058650,0,1,1,0,0,0,0,0,0,0,0,0,0,0,0,1,0,0,0,0,1,1,0,0,0,0,0,0,0,0,0,0,0,0,0,0,0,0,0,0,0,0,0,0,0,0,0,1,0,0,0,0,0,0,1,0,0,0,0,0,0,0,0,0,0,0,0,1,1,0,0,0,0,0,0,0,0,0,0,0,0,0,0,0,0,0,0,0,0,2015058650,3,3,3,4,2,N,2,18,40,560,0,JUNCTION STRETCH RD
2015058712,11,4,4421,4421,2015,5,5,627,6,1,1,0,5,1,0,0,3,0,N,N,4,3,4,2,0,0,1,0,0,0,0,0,0,0,0,0,0,0,3,0,0,0,0,0,0,0,0,0,0,0,0,0,0,0,0,0,0,1,0,0,40 38:14.156,80 27:12.284,40.6373,-80.4534,,0,,N,,,0,,N,,,,,,,,,,,,2015058712,0,1,0,0,0,0,0,0,0,0,0,0,0,0,0,1,0,0,0,1,0,0,0,0,0,0,0,0,0,0,0,0,0,0,0,0,0,0,1,0,0,0,0,0,0,0,0,0,0,0,0,0,0,0,0,0,0,0,0,0,1,0,0,0,0,0,0,1,1,0,1,0,0,0,0,0,0,0,0,0,0,0,0,0,0,0,0,0,0,2015058712,3,3,3,4,2,E,2,68,25,80,1800,MIDLAND RD
2015058730,11,4,4217,4217,2015,6,3,445,4,2,1,0,9,1,0,0,1,0,N,N,1,1,1,0,0,0,0,0,1,0,0,0,0,0,0,0,0,0,0,0,0,0,0,0,0,0,0,0,0,0,0,0,0,0,0,0,0,0,0,0,40 47:27.654,80 24:38.855,40.791,-80.4108,,0,,N,,,0,,N,,,,,,,,,,,,2015058730,0,1,0,0,0,0,0,0,1,0,0,0,0,0,0,1,0,0,0,1,0,0,0,0,0,0,1,0,0,0,0,0,0,0,0,0,0,0,0,0,0,0,0,0,0,0,0,0,0,0,0,0,0,0,0,0,0,0,0,0,0,0,0,0,0,0,0,0,1,0,0,0,0,0,0,0,1,0,0,0,1,0,0,0,0,0,0,0,0,2015058730,3,3,3,4,2,N,2,51,55,450,424,CONSTITUTION BL
2015058765,11,4,4103,68D04,2015,5,5,2210,22,2,1,0,7,2,0,0,3,0,N,N,1,2,1,0,0,0,0,0,1,0,0,0,0,0,0,0,0,0,0,0,0,0,0,0,0,0,0,0,0,0,0,0,0,0,0,0,0,0,0,0,40 35:23.439,80 17:39.296,40.5898,-80.2942,,0,,N,,,0,,N,,,,,,,,,,,,2015058765,1,1,0,0,0,0,0,0,1,0,0,0,1,1,0,1,0,0,0,1,0,0,0,0,0,0,0,0,0,0,1,0,0,0,0,0,0,0,0,0,0,0,0,0,0,0,0,0,0,0,0,1,0,0,0,0,0,0,0,0,0,0,0,0,0,0,0,0,1,0,0,0,0,0,0,0,1,0,0,0,1,0,0,0,0,1,0,0,0,2015058765,3,3,1,4,2,E,1,376,65,454,428,BEAVER VALLEY EX
2015058766,11,4,4103,68D04,2015,5,1,1826,18,1,2,1,7,3,0,0,3,0,N,N,1,1,1,1,0,0,0,0,0,0,0,0,0,0,0,0,0,0,0,0,0,0,0,0,0,0,0,0,0,0,0,0,0,0,0,0,0,1,0,0,40 35:34.838,80 17:43.912,40.593,-80.2955,,0,,Y,,,0,,N,,,,,,,,,,,,2015058766,1,1,0,0,0,1,0,0,0,0,0,0,1,1,0,1,0,0,0,1,0,0,0,0,0,0,0,0,0,0,1,0,0,0,0,0,0,0,0,0,0,0,0,0,0,0,0,0,0,0,0,1,0,1,1,0,0,0,0,0,0,0,0,0,0,0,0,1,1,0,0,0,0,0,0,0,0,0,0,0,0,0,0,0,0,1,0,0,0,2015058766,3,3,1,4,2,E,1,376,55,450,1864,BEAVER VALLEY EX
2015058949,11,4,4103,68D04,2015,6,4,745,7,1,1,0,1,1,0,0,3,0,N,N,2,2,2,1,0,0,1,0,0,0,0,0,1,0,0,1,0,0,0,0,0,0,0,0,0,0,0,0,0,0,0,4,0,0,0,0,1,0,0,0,40 35:28.477,80 17:41.329,40.5912,-80.2948,,0,,N,,,0,,N,,,,,,,,,,,,2015058949,1,1,0,0,0,0,0,0,0,0,1,0,0,0,0,0,0,1,0,1,0,0,0,0,0,0,0,0,0,0,0,0,0,0,0,0,0,0,0,0,0,0,0,0,0,0,0,0,1,0,0,1,0,0,1,0,0,0,0,0,0,0,0,0,0,0,1,0,1,0,0,0,0,1,0,0,0,0,0,0,0,1,0,0,0,1,0,0,0,2015058949,3,3,1,4,2,E,1,376,55,450,2536,BEAVER VALLEY EX
2015059012,11,4,4210,4210,2015,6,3,700,7,1,1,0,0,1,0,0,1,0,N,N,1,1,1,0,1,0,0,0,0,0,0,0,1,0,0,0,1,0,0,0,0,0,0,0,0,0,0,0,0,0,0,8,0,0,0,0,0,0,0,0,40 46:20.436,80 12:33.547,40.7723,-80.2093,,0,,N,,,0,,N,,,,,,,,,,,,2015059012,0,1,0,0,0,0,0,0,0,0,0,0,0,1,0,0,0,1,0,1,0,0,0,0,0,0,0,0,0,0,0,0,0,0,0,1,0,0,0,0,0,0,0,0,0,0,0,0,0,0,0,0,0,0,1,0,0,0,0,0,0,0,0,1,0,0,0,0,1,0,0,0,0,1,0,0,0,0,0,0,0,0,0,0,0,0,0,0,0,2015059012,3,3,3,4,2,E,2,1017,40,10,3244,RIDGE RD
2015059027,11,4,4411,4411,2015,5,6,1838,18,1,1,0,7,5,0,0,3,0,N,N,1,1,1,1,0,0,0,0,0,0,0,0,1,0,0,1,0,0,1,0,0,0,0,0,0,0,0,0,0,0,0,4,0,0,0,0,0,0,0,0,40 40:32.159,80 11:28.477,40.6756,-80.1912,2,2,5,N,,,0,Y,N,,,,,,,,,,,,2015059027,0,1,0,0,0,0,0,0,0,0,0,0,1,1,0,0,0,1,0,1,0,0,0,0,0,0,0,0,0,0,0,0,0,0,0,0,0,0,0,0,0,0,0,0,0,0,0,0,0,0,0,0,0,0,0,0,0,0,0,0,1,0,0,0,0,0,0,0,1,0,0,0,0,1,0,0,0,0,0,0,0,1,0,0,0,0,0,0,0,2015059027,3,3,3,4,2,S,2,989,40,200,42,DUNLAP HILL RD
2015059217,11,4,4216,4216,2015,5,1,1650,16,1,2,1,7,5,0,0,1,0,N,N,1,1,1,1,0,0,0,0,0,0,0,0,1,0,0,1,0,0,0,0,0,0,0,0,0,0,0,0,0,0,0,4,0,0,0,0,0,0,0,0,40 36:19.903,80 19:45.946,40.6055,-80.3294,2,1,3,N,,,0,N,N,,,,,,,,,,,,2015059217,0,1,0,0,0,1,0,0,0,0,0,0,1,1,0,0,0,1,0,1,0,0,0,0,0,0,0,0,0,1,1,0,0,0,0,0,0,0,0,0,0,0,0,0,0,0,0,0,0,0,0,0,0,0,0,0,0,0,0,0,0,0,0,1,0,0,0,0,1,0,0,0,1,1,0,1,0,1,0,1,0,1,0,0,0,0,0,0,0,2015059217,3,3,3,4,2,E,2,3016,45,140,1266,GREEN GARDEN RD
2015059343,11,4,4423,4423,2015,6,6,740,7,1,1,0,0,1,0,0,3,3,N,N,1,2,1,0,1,0,0,0,0,0,0,0,2,0,1,1,0,0,0,0,0,0,0,0,0,0,0,0,0,0,0,3,0,0,0,0,0,0,0,0,40 44:22.877,80 19:03.743,40.7397,-80.3177,,0,,N,,,0,,N,,,,,,,,,,,,2015059343,0,1,0,0,0,0,0,0,0,0,0,0,0,1,0,0,0,1,0,1,0,0,0,0,0,0,0,0,0,0,0,0,0,0,0,1,0,0,0,0,0,0,0,0,0,0,0,0,0,0,0,0,0,0,0,0,0,0,0,0,0,0,0,1,0,0,0,0,1,0,0,0,0,1,0,0,0,0,0,0,0,1,1,0,0,0,0,0,0,2015059343,3,3,3,4,2,S,2,18,25,601,610,THIRD AV PL
2015059356,11,4,4211,4211,2015,6,5,1014,10,1,1,0,7,4,2,0,1,0,N,N,1,1,1,0,0,0,0,0,0,1,0,0,0,0,0,0,0,0,0,0,0,0,0,0,0,0,0,0,0,0,0,0,0,0,1,0,0,0,0,0,40 41:12.008,80 14:42.006,40.6867,-80.245,2,2,6,N,,,0,Y,N,,,,,,,,,,,,2015059356,0,1,1,0,0,0,0,0,0,0,0,0,1,1,0,1,0,0,0,0,1,0,0,1,0,0,0,0,0,1,0,0,0,0,0,0,0,0,0,0,0,0,0,0,0,0,0,0,0,0,0,0,0,1,1,0,0,0,0,0,0,0,1,0,1,0,0,0,1,0,0,0,0,0,0,0,0,0,0,0,0,0,0,0,0,0,0,0,0,2015059356,3,3,3,4,2,W,2,2018,40,30,585,NINTH ST ET
2015059423,11,4,4211,4211,2015,6,6,1542,15,1,1,0,6,1,0,0,1,0,N,N,2,2,2,1,0,0,0,0,1,0,0,0,1,0,0,0,1,0,0,0,0,0,0,0,0,0,0,0,0,0,0,8,0,0,0,1,0,0,0,0,40 41:00.764,80 13:48.813,40.6835,-80.2302,,0,,N,,,0,,N,,,,,,,,,,,,2015059423,0,1,0,0,0,0,0,0,0,0,0,1,0,0,0,0,0,1,0,1,0,0,0,0,0,0,0,0,0,0,0,0,0,0,0,0,0,0,0,0,0,0,0,0,0,0,0,0,0,0,0,0,0,0,0,0,0,0,0,0,0,0,0,1,0,1,0,0,1,0,0,0,0,1,0,0,0,0,0,0,0,0,0,0,0,0,0,0,0,2015059423,3,3,3,4,2,W,2,2018,35,40,2181,LOVI RD
2015059431,11,4,4211,4211,2015,6,6,1516,15,1,1,0,7,5,0,0,1,0,N,N,1,1,1,0,0,0,0,0,1,0,0,0,0,0,0,0,0,0,0,0,0,0,0,0,0,0,0,0,0,0,0,0,0,0,0,0,0,0,0,0,40 40:53.349,80 12:40.567,40.6815,-80.2113,,0,,Y,,,0,,N,,,,,,,,,,,,2015059431,0,1,0,0,0,0,0,0,0,0,0,0,1,1,0,1,0,0,0,1,0,0,0,0,0,0,0,0,0,0,1,0,0,0,0,0,0,0,0,0,0,0,0,0,0,0,0,0,0,0,0,0,1,1,1,0,0,0,0,0,0,0,1,1,0,0,0,0,1,0,0,0,0,0,0,0,0,0,0,0,0,0,0,0,0,0,0,0,0,2015059431,3,3,3,4,2,W,2,2004,40,70,527,FREEDOM CRIDER RD
2015059510,11,4,4407,4407,2015,6,6,1852,18,1,1,1,1,1,2,0,3,0,N,N,2,3,2,2,0,0,0,0,0,0,0,0,0,0,0,0,0,0,0,0,0,0,0,0,0,0,0,0,0,0,0,0,0,0,0,1,0,0,0,0,40 39:51.032,80 14:29.202,40.6642,-80.2413,,0,,N,,,0,,N,,,,,,,,,,,,2015059510,0,1,1,0,0,1,0,0,0,0,1,0,0,0,0,1,0,0,0,0,1,0,0,1,0,0,0,0,0,0,0,0,0,0,0,0,0,0,0,0,0,0,0,0,0,0,0,0,0,0,0,0,0,0,1,0,0,0,0,0,0,0,0,0,0,1,0,0,1,0,0,0,0,0,0,0,0,0,0,0,0,0,0,0,0,0,0,0,0,2015059510,3,3,3,4,2,N,2,65,40,150,580,OHIO RIVER BL
2015059586,11,4,4203,4203,2015,5,7,1830,18,1,1,0,1,1,1,2,1,0,N,N,2,2,2,1,0,0,0,0,1,0,0,0,0,0,0,0,0,0,0,0,0,0,0,0,0,0,0,0,0,0,0,0,0,0,0,0,0,2,0,0,40 45:47.294,80 21:40.845,40.7631,-80.3613,1,1,2,N,,,3,N,N,,,,,,,,,,,,2015059586,0,1,1,0,0,0,0,0,0,0,1,0,0,0,0,1,0,0,0,0,1,1,0,0,0,0,0,0,0,0,0,0,0,0,0,0,0,0,0,0,0,0,0,0,0,0,0,0,0,0,0,0,0,0,0,0,0,0,0,0,0,0,1,0,0,0,0,1,1,0,0,0,0,0,0,0,0,0,0,0,0,0,0,0,0,0,0,0,0,2015059586,3,3,3,4,2,N,2,51,45,380,2953,CONSTITUTION BL
2015059672,11,4,4411,4411,2015,6,7,1320,13,1,1,0,0,2,0,0,3,0,N,N,1,1,1,0,1,0,0,0,0,0,0,0,1,0,0,1,0,0,0,0,0,0,0,0,0,0,0,0,0,0,0,4,0,0,0,0,0,0,0,0,40 36:20.030,80 11:56.613,40.6056,-80.1991,,0,,N,,,0,,N,,,,,,,,,,,,2015059672,0,1,0,0,0,0,0,0,0,0,0,0,0,1,0,0,0,1,0,1,0,0,0,0,0,0,0,0,0,0,0,0,0,0,0,1,0,0,0,0,0,0,0,0,0,0,0,0,0,0,0,0,0,1,1,0,0,0,0,0,0,0,0,1,0,0,0,0,0,0,0,0,0,1,0,0,0,0,0,0,0,1,0,0,0,0,0,0,0,2015059672,3,3,3,4,2,S,2,989,35,70,1637,RIDGE RD ET
2015059773,11,4,4430,4430,2015,6,7,2056,20,4,1,0,9,1,0,0,1,0,N,N,1,1,1,0,1,0,0,0,0,0,0,0,1,0,1,0,0,0,0,0,0,0,0,0,0,0,0,0,0,0,0,3,0,0,0,0,0,0,0,0,40 42:35.728,80 26:52.316,40.7099,-80.4479,1,1,4,N,,,0,N,N,,,,,,,,,,,,2015059773,0,1,0,0,0,0,0,0,0,0,0,0,0,0,0,0,0,1,0,1,0,0,0,0,0,0,0,0,0,0,0,0,0,0,0,1,0,0,0,0,0,0,0,0,0,0,0,0,0,0,0,0,0,0,0,0,0,0,0,0,0,0,0,1,0,0,0,0,1,0,0,0,0,1,0,0,0,0,0,0,0,0,1,0,0,0,0,0,0,2015059773,3,3,3,4,2,E,2,4022,45,100,268,LISBON RD
2015059796,11,4,4203,4203,2015,6,7,2120,21,2,1,0,0,2,0,0,1,0,N,N,1,1,1,0,0,0,0,0,1,0,0,0,0,0,0,0,0,0,0,0,0,0,0,0,0,0,0,0,0,0,0,0,0,0,0,0,0,0,0,0,40 44:26.038,80 24:14.189,40.7406,-80.4039,1,1,6,N,,,0,N,N,,,,,,,,,,,,2015059796,0,1,0,0,0,0,0,0,0,0,0,0,0,1,0,1,0,0,0,1,0,0,0,0,0,0,0,0,0,0,0,0,0,0,1,0,0,0,0,0,0,0,0,0,0,0,0,0,0,0,0,0,1,1,1,0,0,0,0,0,0,0,0,1,0,0,0,0,1,0,0,0,0,0,0,0,0,0,0,0,1,0,0,0,0,0,0,0,0,2015059796,3,3,3,4,2,E,2,4010,40,40,783,ACHORTOWN RD