CRASH_CRN,DISTRICT,CRASH_COUNTY,MUNICIPALITY,POLICE_AGCY,CRASH_YEAR,CRASH_MONTH,DAY_OF_WEEK,TIME_OF_DAY,HOUR_OF_DAY,ILLUMINATION,WEATHER,ROAD_CONDITION,COLLISION_TYPE,RELATION_TO_ROAD,INTERSECT_TYPE,TCD_TYPE,URBAN_RURAL,LOCATION_TYPE,SCH_BUS_IND,SCH_ZONE_IND,TOTAL_UNITS,PERSON_COUNT,VEHICLE_COUNT,AUTOMOBILE_COUNT,MOTORCYCLE_COUNT,BUS_COUNT,SMALL_TRUCK_COUNT,HEAVY_TRUCK_COUNT,SUV_COUNT,VAN_COUNT,BICYCLE_COUNT,FATAL_COUNT,INJURY_COUNT,MAJ_INJ_COUNT,MOD_INJ_COUNT,MIN_INJ_COUNT,UNK_INJ_DEG_COUNT,UNK_INJ_PER_COUNT,UNBELTED_OCC_COUNT,UNB_DEATH_COUNT,UNB_MAJ_INJ_COUNT,BELTED_DEATH_COUNT,BELTED_MAJ_INJ_COUNT,MCYCLE_DEATH_COUNT,MCYCLE_MAJ_INJ_COUNT,BICYCLE_DEATH_COUNT,BICYCLE_MAJ_INJ_COUNT,PED_COUNT,PED_DEATH_COUNT,PED_MAJ_INJ_COUNT,COMM_VEH_COUNT,MAX_SEVERITY_LEVEL,DRIVER_COUNT_16YR,DRIVER_COUNT_17YR,DRIVER_COUNT_18YR,DRIVER_COUNT_19YR,DRIVER_COUNT_20YR,DRIVER_COUNT_50_64YR,DRIVER_COUNT_65_74YR,DRIVER_COUNT_75PLUS,LATITUDE,LONGITUDE,DEC_LAT,DEC_LONG,EST_HRS_CLOSED,LANE_CLOSED,LN_CLOSE_DIR,NTFY_HIWY_MAINT,RDWY_SURF_TYPE_CD,SPEC_JURIS_CD,TCD_FUNC_CD,TFC_DETOUR_IND,WORK_ZONE_IND,WORK_ZONE_TYPE,WORK_ZONE_LOC,CONS_ZONE_SPD_LIM,WORKERS_PRES,WZ_CLOSE_DETOUR,WZ_FLAGGER,WZ_LAW_OFFCR_IND,WZ_LN_CLOSURE,WZ_MOVING,WZ_OTHER,WZ_SHLDER_MDN,FLAG_CRN,INTERSTATE,STATE_ROAD,LOCAL_ROAD,LOCAL_ROAD_ONLY,TURNPIKE,WET_ROAD,SNOW_SLUSH_ROAD,ICY_ROAD,SUDDEN_DEER,SHLDR_RELATED,REAR_END,HO_OPPDIR_SDSWP,HIT_FIXED_OBJECT,SV_RUN_OFF_RD,WORK_ZONE,PROPERTY_DAMAGE_ONLY,FATAL_OR_MAJ_INJ,INJURY,FATAL,NON_INTERSECTION,INTERSECTION,SIGNALIZED_INT,STOP_CONTROLLED_INT,UNSIGNALIZED_INT,SCHOOL_BUS,SCHOOL_ZONE,HIT_DEER,HIT_TREE_SHRUB,HIT_EMBANKMENT,HIT_POLE,HIT_GDRAIL,HIT_GDRAIL_END,HIT_BARRIER,HIT_BRIDGE,OVERTURNED,MOTORCYCLE,BICYCLE,HVY_TRUCK_RELATED,VEHICLE_FAILURE,TRAIN_TROLLEY,PHANTOM_VEHICLE,ALCOHOL_RELATED,DRINKING_DRIVER,UNDERAGE_DRNK_DRV,UNLICENSED,CELL_PHONE,NO_CLEARANCE,RUNNING_RED_LT,TAILGATING,CROSS_MEDIAN,CURVE_DVR_ERROR,LIMIT_65MPH,SPEEDING,SPEEDING_RELATED,AGGRESSIVE_DRIVING,FATIGUE_ASLEEP,DRIVER_16YR,DRIVER_17YR,DRIVER_65_74YR,DRIVER_75PLUS,UNBELTED,PEDESTRIAN,DISTRACTED,CURVED_ROAD,DRIVER_18YR,DRIVER_19YR,DRIVER_20YR,DRIVER_50_64YR,VEHICLE_TOWED,FIRE_IN_VEHICLE,HIT_PARKED_VEHICLE,MC_DRINKING_DRIVER,DRUGGED_DRIVER,INJURY_OR_FATAL,COMM_VEHICLE,IMPAIRED_DRIVER,DEER_RELATED,DRUG_RELATED,HAZARDOUS_TRUCK,ILLEGAL_DRUG_RELATED,ILLUMINATION_DARK,MINOR_INJURY,MODERATE_INJURY,MAJOR_INJURY,NHTSA_AGG_DRIVING,PSP_REPORTED,RUNNING_STOP_SIGN,TRAIN,TROLLEY,ROADWAY_CRN,RDWY_SEQ_NUM,ADJ_RDWY_SEQ,ACCESS_CTRL,ROADWAY_COUNTY,LANE_COUNT,RDWY_ORIENT,ROAD_OWNER,ROUTE,SPEED_LIMIT,SEGMENT,OFFSET,STREET_NAME
2015061653,11,4,4301,4301,2015,6,2,1408,14,1,1,0,8,2,0,0,3,0,N,N,2,2,1,1,0,0,0,0,0,0,0,0,1,0,1,0,0,1,0,0,0,0,0,0,0,0,0,1,0,0,0,3,0,0,0,0,0,0,0,0,40 45:04.500,80 19:53.000,40.7513,-80.3314,1,2,6,N,,,0,Y,N,,,,,,,,,,,,2015061653,0,0,1,1,0,0,0,0,0,0,0,0,0,1,0,0,0,1,0,1,0,0,0,0,0,0,0,0,0,0,0,0,0,0,0,0,0,0,0,0,0,0,0,0,0,0,0,0,0,0,0,0,0,0,0,0,0,0,0,0,0,1,0,0,0,0,0,0,0,0,0,0,0,1,0,0,0,0,0,0,0,0,1,0,0,0,0,0,0,2015061653,3,3,,4,2,W,4,,25,,,11TH ST
2015062025,11,4,4203,4203,2015,6,6,2108,21,3,2,1,7,4,0,0,1,0,N,N,1,4,1,0,0,0,0,0,1,0,0,0,0,0,0,0,0,0,0,0,0,0,0,0,0,0,0,0,0,0,0,0,0,0,0,0,0,0,0,0,40 46:08.360,80 23:15.279,40.769,-80.3876,1,2,5,N,,,0,N,N,,,,,,,,,,,,2015062025,0,1,0,0,0,1,0,0,0,0,0,0,1,1,0,1,0,0,0,1,0,0,0,0,0,0,0,1,1,0,0,0,0,0,0,0,0,0,0,0,0,0,0,0,0,0,0,0,0,0,0,0,0,0,0,0,0,0,0,0,0,0,0,0,0,0,0,0,1,0,0,0,0,0,0,0,0,0,0,0,1,0,0,0,0,0,0,0,0,2015062025,3,3,3,4,2,W,2,251,35,110,2710,BLACKHAWK RD
2015062243,11,4,4301,4301,2015,6,7,1930,19,1,2,1,5,1,1,3,3,0,N,N,3,3,3,0,2,0,0,0,1,0,0,0,2,1,0,1,0,1,0,0,0,0,0,0,1,0,0,0,0,0,0,2,0,0,0,0,0,0,1,0,40 46:37.660,80 19:27.569,40.7771,-80.3243,3,2,7,N,,,3,Y,Y,1,4,25,N,,,N,Y,,,Y,2015062243,0,1,1,0,0,1,0,0,0,0,0,0,0,0,1,0,1,1,0,0,1,0,1,1,0,0,0,0,0,0,0,0,0,0,0,1,0,0,0,0,0,1,1,0,0,0,1,0,0,0,0,0,0,1,1,0,0,0,1,0,0,0,0,0,0,0,0,0,1,0,0,1,0,1,0,1,0,0,0,0,0,1,0,1,0,0,0,0,0,2015062243,3,3,3,4,2,S,2,18,35,690,720,FOURTH AV
2015062247,11,4,4212,4212,2015,6,7,250,2,2,1,1,4,1,10,0,3,0,N,N,2,4,2,1,0,0,0,0,0,0,0,0,2,0,0,1,1,0,0,0,0,0,0,0,0,0,0,0,0,0,0,4,0,0,0,0,0,0,0,0,40 50:36.613,80 17:12.747,40.8435,-80.2869,,0,,N,,,0,,N,,,,,,,,,,,,2015062247,0,0,1,1,0,1,0,0,0,0,0,0,0,0,0,0,0,1,0,0,1,0,0,1,0,0,0,0,0,0,0,0,0,0,0,0,0,0,0,0,0,0,0,0,0,0,0,0,0,0,0,0,0,1,1,0,0,0,0,0,0,0,0,0,0,0,0,0,1,0,0,0,0,1,0,0,0,0,0,0,1,1,0,0,0,0,0,0,0,2015062247,3,4,,4,2,E,4,,25,,,MIDWAY DR
2015062265,11,4,4211,4211,2015,6,7,2205,22,3,1,1,4,1,1,2,1,0,N,N,2,5,2,1,0,0,0,0,1,0,0,0,4,0,0,0,4,0,0,0,0,0,0,0,0,0,0,0,0,0,0,8,0,1,0,0,0,0,0,0,40 40:48.432,80 09:16.562,40.6801,-80.1546,2,2,7,Y,,,3,Y,N,,,,,,,,,,,,2015062265,0,1,0,0,0,1,0,0,0,0,0,0,0,0,0,0,0,1,0,0,1,1,0,0,0,0,0,0,0,0,0,0,0,0,0,0,0,0,0,0,0,0,0,0,0,0,0,0,0,0,0,0,0,0,1,0,0,1,0,0,0,0,0,0,0,0,0,0,1,0,0,0,0,1,0,0,0,0,0,0,1,0,0,0,1,0,0,0,0,2015062265,3,3,3,4,2,W,2,2004,40,130,0,FREEDOM CRIDER RD
2015062374,11,4,4211,4211,2015,6,1,1320,13,1,1,0,4,1,1,3,1,0,N,N,2,5,2,2,0,0,0,0,0,0,0,0,0,0,0,0,0,0,1,0,0,0,0,0,0,0,0,0,0,0,0,0,0,0,0,0,0,0,0,1,40 40:36.535,80 11:25.383,40.6768,-80.1904,,0,,N,,,3,,N,,,,,,,,,,,,2015062374,0,1,0,0,0,0,0,0,0,0,0,0,0,0,0,1,0,0,0,0,1,0,1,1,0,0,0,0,0,0,0,0,0,0,0,0,0,0,0,0,0,0,0,0,0,0,0,0,0,0,0,0,0,0,1,0,0,0,0,1,1,0,1,0,0,0,0,0,1,0,0,0,0,0,0,0,0,0,0,0,0,0,0,0,0,0,1,0,0,2015062374,3,3,3,4,2,N,2,989,40,200,542,DUNLAP HILL RD
2015062410,11,4,4102,4102,2015,5,6,1635,16,1,1,0,4,1,0,0,3,7,N,N,2,2,2,1,0,0,0,0,1,0,0,0,0,0,0,0,0,0,0,0,0,0,0,0,0,0,0,0,0,0,0,0,0,2,0,0,0,0,0,0,40 36:42.298,80 13:34.601,40.6117,-80.2263,2,2,2,N,,,0,Y,N,,,,,,,,,,,,2015062410,0,1,0,0,0,0,0,0,0,0,0,0,0,0,0,1,0,0,0,1,0,0,0,0,0,0,0,0,0,0,0,0,0,0,0,0,0,0,0,0,0,0,0,0,0,0,0,0,0,0,0,0,0,0,1,0,0,1,0,0,0,0,0,0,0,0,0,0,1,0,0,0,0,0,0,0,0,0,0,0,0,0,0,0,0,0,0,0,0,2015062410,3,3,3,4,2,N,2,2001,40,20,134,DUSS AV
2015062655,11,4,4409,4426,2015,6,5,1345,13,1,1,0,4,1,2,3,1,0,N,N,2,5,2,2,0,0,0,0,0,0,0,0,0,0,0,0,0,0,0,0,0,0,0,0,0,0,0,0,0,0,0,0,0,0,0,0,1,0,1,0,40 41:43.866,80 15:55.843,40.6955,-80.2655,,0,,N,,,3,,N,,,,,,,,,,,,2015062655,0,1,1,0,0,0,0,0,0,0,0,0,0,0,0,1,0,0,0,0,1,0,1,1,0,0,0,0,0,0,0,0,0,0,0,0,0,0,0,0,0,0,0,0,0,0,1,0,0,0,0,0,0,0,1,0,0,0,1,0,0,0,0,0,0,0,1,0,1,0,0,0,0,0,0,0,0,0,0,0,0,0,0,0,1,0,0,0,0,2015062655,3,3,3,4,2,N,2,51,35,190,250,OHIO RIVER BL
2015062720,11,4,4103,4103,2015,6,1,2048,20,3,2,1,7,4,0,0,3,0,N,N,1,1,1,0,0,0,0,0,1,0,0,0,1,0,1,0,0,0,0,0,0,0,0,0,0,0,0,0,0,0,0,3,0,0,0,0,0,0,0,0,40 35:02.291,80 16:19.741,40.584,-80.2722,2,2,6,N,,,0,Y,N,,,,,,,,,,,,2015062720,0,1,0,0,0,1,0,0,0,0,0,0,1,1,0,0,0,1,0,1,0,0,0,0,0,0,0,0,1,0,0,0,0,0,1,0,0,0,0,0,0,1,1,0,0,0,0,0,0,0,1,0,0,1,1,0,0,0,0,0,0,0,0,1,0,0,0,0,1,0,0,0,0,1,0,1,0,0,0,0,1,0,1,0,0,0,0,0,0,2015062720,3,3,3,4,2,W,2,3009,35,40,320,KANE RD
2015062757,11,4,4403,4403,2015,6,2,1450,14,1,1,0,4,1,2,2,3,0,N,N,2,3,2,2,0,0,0,0,0,0,0,0,2,0,0,2,0,0,1,0,0,0,0,0,0,0,0,0,0,0,0,4,0,0,0,0,1,0,1,0,40 37:50.788,80 13:35.890,40.6308,-80.2266,1,2,5,N,,,3,Y,N,,,,,,,,,,,,2015062757,0,1,1,0,0,0,0,0,0,0,0,0,0,0,0,0,0,1,0,0,1,1,0,0,0,0,0,0,0,0,0,0,0,0,0,0,0,0,0,0,0,0,0,0,0,0,0,1,0,0,0,0,0,0,1,0,0,0,1,0,1,0,0,1,0,0,1,0,1,0,0,0,0,1,0,0,0,0,0,0,0,1,0,0,0,0,0,0,0,2015062757,3,3,3,4,2,N,2,2001,35,60,1570,STATE ST
2015063068,11,4,4211,4211,2015,6,2,1630,16,1,2,1,1,1,0,0,1,7,N,N,2,2,2,1,0,0,0,0,1,0,0,0,1,0,0,0,1,0,0,0,0,0,0,0,0,0,0,0,0,0,0,8,1,1,0,0,0,0,0,0,40 44:01.449,80 14:14.757,40.7337,-80.2374,1,1,3,N,,,0,N,N,,,,,,,,,,,,2015063068,0,1,0,0,0,1,0,0,0,0,1,0,0,0,0,0,0,1,0,1,0,0,0,0,0,0,0,0,0,0,0,0,0,0,0,0,0,0,0,0,0,0,0,0,0,0,0,0,0,0,0,0,0,1,1,0,1,1,0,0,0,0,0,0,0,0,0,0,0,0,0,0,0,1,0,0,0,0,0,0,0,0,0,0,0,0,0,0,0,2015063068,3,3,3,4,2,E,2,68,40,480,1128,SUNFLOWER RD
2015063082,11,4,4103,4103,2015,5,3,1751,17,1,1,0,4,1,1,3,3,0,N,N,2,2,2,2,0,0,0,0,0,0,0,0,0,0,0,0,0,0,0,0,0,0,0,0,0,0,0,0,0,0,0,0,0,0,0,0,0,1,0,0,40 36:03.749,80 16:42.667,40.601,-80.2785,1,1,3,N,,,9,N,N,,,,,,,,,,,,2015063082,0,1,1,0,0,0,0,0,0,0,0,0,0,0,0,1,0,0,0,0,1,0,1,1,0,0,0,0,0,0,0,0,0,0,0,0,0,0,0,0,0,0,0,0,0,0,1,0,0,0,0,0,0,0,1,0,0,0,0,0,0,0,0,0,0,0,0,1,1,0,0,0,0,0,0,0,0,0,0,0,0,0,0,0,1,0,1,0,0,2015063082,3,3,3,4,2,S,2,3009,35,60,2615,KANE RD
2015063245,11,4,4212,68T02,2015,6,1,1901,19,1,2,1,7,3,0,0,3,0,N,N,1,1,1,1,0,0,0,0,0,0,0,0,0,0,0,0,0,0,0,0,0,0,0,0,0,0,0,0,0,0,0,0,0,0,0,0,0,0,0,0,40 47:26.108,80 16:03.883,40.7905,-80.2674,,0,,N,,,0,,N,,,,,,,,,,,,2015063245,0,0,0,0,1,1,0,0,0,0,0,0,1,1,0,1,0,0,0,1,0,0,0,0,0,0,0,0,0,0,1,0,1,0,0,0,0,0,0,0,0,0,0,0,0,0,0,0,0,0,0,1,0,1,1,0,0,0,0,0,0,0,0,0,0,0,0,0,1,0,0,0,0,0,0,0,0,0,0,0,0,0,0,0,0,1,0,0,0,2015063245,3,3,1,4,4,E,5,7076,65,130,1584,EAST/WEST TU
2015063307,11,4,4301,4301,2015,5,2,1110,11,1,1,0,7,4,0,0,3,0,N,N,1,1,1,1,0,0,0,0,0,0,0,0,1,1,0,0,0,0,1,0,1,0,0,0,0,0,0,0,0,0,0,2,0,0,0,0,0,0,0,0,40 45:05.500,80 19:32.400,40.7515,-80.3257,,0,,N,,,0,,N,,,,,,,,,,,,2015063307,0,0,1,1,0,0,0,0,0,0,0,0,1,1,0,0,1,1,0,1,0,0,0,0,0,0,0,0,0,0,0,0,0,0,1,0,0,0,1,0,0,0,0,0,0,0,0,0,0,0,0,0,0,0,0,0,0,0,0,0,1,0,0,1,0,0,0,0,1,0,0,0,1,1,0,1,0,1,0,0,0,0,0,1,0,0,0,0,0,2015063307,3,3,,4,2,E,4,,25,,,11TH ST
2015063419,11,4,4411,4411,2015,6,1,1252,12,1,2,1,5,1,0,0,3,0,N,N,2,6,2,0,0,0,1,0,1,0,0,0,3,0,0,3,0,0,2,0,0,0,0,0,0,0,0,0,0,0,0,4,0,0,0,0,0,0,0,0,40 39:27.500,80 13:58.500,40.6576,-80.2329,2,2,6,N,,,0,N,N,,,,,,,,,,,,2015063419,0,0,1,1,0,1,0,0,0,0,0,0,0,0,0,0,0,1,0,1,0,0,0,0,0,0,0,0,0,0,0,0,0,0,0,0,0,0,0,0,0,0,0,0,0,0,0,0,0,0,0,0,0,0,0,0,0,0,0,0,1,0,0,1,0,0,0,0,1,0,0,0,0,1,0,0,0,0,0,0,0,1,0,0,0,0,0,0,0,2015063419,3,3,,4,2,W,7,,25,,,ECONOMY WY
2015063568,11,4,4201,68D04,2015,6,5,114,1,3,1,0,7,4,7,0,3,2,N,N,1,1,1,1,0,0,0,0,0,0,0,0,1,0,1,0,0,0,1,0,0,0,0,0,0,0,0,0,0,0,0,3,0,0,0,0,0,1,0,0,40 42:06.380,80 21:50.018,40.7017,-80.364,,0,,N,,,0,,N,,,,,,,,,,,,2015063568,0,1,0,0,0,0,0,0,0,0,0,0,1,1,0,0,0,1,0,0,1,0,0,1,0,0,0,1,0,0,0,0,0,0,1,0,0,0,0,0,0,0,0,0,0,0,0,0,0,0,0,0,0,0,0,1,0,0,0,0,1,0,0,0,0,0,0,1,1,0,0,0,0,1,0,0,0,0,0,0,1,0,1,0,0,1,0,0,0,2015063568,3,3,3,4,2,N,2,4035,45,40,965,BRIGHTON RD
2015063569,11,4,4202,68D04,2015,6,5,1550,15,1,1,0,0,4,6,3,3,2,N,N,2,4,2,1,0,0,1,0,0,0,0,0,1,0,0,1,0,0,0,0,0,0,0,0,0,0,0,0,0,0,0,4,0,0,0,0,0,1,1,0,40 38:20.188,80 19:11.597,40.6389,-80.3199,,0,,Y,,,3,,N,,,,,,,,,,,,2015063569,1,1,0,0,0,0,0,0,0,0,0,0,0,1,0,0,0,1,0,0,1,0,1,1,0,0,0,0,0,0,1,0,0,0,0,0,0,0,0,0,0,0,0,0,0,0,1,0,0,0,0,0,0,0,1,0,0,0,1,0,0,0,0,0,0,0,0,1,1,0,0,0,0,1,0,0,0,0,0,0,0,1,0,0,0,1,0,0,0,2015063569,3,3,1,4,2,W,1,376,55,411,2425,BEAVER VALLEY EX
2015063570,11,4,4204,68D04,2015,6,6,1736,17,1,2,1,7,4,0,0,1,0,N,N,1,1,1,1,0,0,0,0,0,0,0,0,0,0,0,0,0,0,0,0,0,0,0,0,0,0,0,0,0,0,0,0,0,0,0,0,0,0,0,0,40 49:40.480,80 28:48.880,40.8279,-80.4802,,0,,N,,,0,,N,,,,,,,,,,,,2015063570,0,1,0,0,0,1,0,0,0,0,0,0,1,1,0,1,0,0,0,1,0,0,0,0,0,0,0,0,0,0,0,0,0,0,0,0,0,0,0,0,0,0,0,0,0,0,0,0,0,0,0,0,0,0,0,0,0,0,0,0,0,0,0,0,0,0,0,0,1,0,0,0,0,0,0,0,0,0,0,0,0,0,0,0,0,1,0,0,0,2015063570,3,3,3,4,2,S,2,51,55,551,360,CONSTITUTION BL
2015063571,11,4,4103,68D04,2015,6,6,1815,18,1,2,1,7,4,0,0,3,0,N,N,1,1,1,1,0,0,0,0,0,0,0,0,1,0,0,1,0,0,0,0,0,0,0,0,0,0,0,0,0,0,0,4,0,0,0,0,0,0,0,0,40 34:09.851,80 16:53.680,40.5694,-80.2816,1,1,4,N,,,0,N,N,,,,,,,,,,,,2015063571,1,1,0,0,0,1,0,0,0,0,0,0,1,1,0,0,0,1,0,1,0,0,0,0,0,0,0,0,1,0,0,0,0,0,0,0,0,0,0,0,0,0,0,0,0,0,0,0,0,0,0,1,0,1,1,0,0,0,0,0,0,0,0,1,0,0,0,0,1,0,0,0,0,1,0,0,0,0,0,0,0,1,0,0,0,1,0,0,0,2015063571,3,3,1,4,2,W,1,376,65,471,819,BEAVER VALLEY EX
2015063572,11,4,4208,68D04,2015,6,2,725,7,1,2,1,7,5,0,0,1,0,N,N,1,1,1,0,0,0,0,0,1,0,0,0,0,0,0,0,0,0,0,0,0,0,0,0,0,0,0,0,0,0,0,0,0,0,0,0,0,0,0,0,40 32:43.464,80 25:09.966,40.5454,-80.4194,,0,,N,,,0,,N,,,,,,,,,,,,2015063572,0,1,0,0,0,1,0,0,0,0,0,0,1,1,0,1,0,0,0,1,0,0,0,0,0,0,0,0,1,0,0,0,0,0,0,0,0,0,0,0,0,0,0,0,0,0,0,0,0,0,1,0,0,0,0,0,0,0,0,0,0,0,0,1,0,0,0,0,1,0,0,0,0,0,0,0,0,0,0,0,0,0,0,0,0,1,0,0,0,2015063572,3,3,3,4,2,E,2,30,45,120,623,LINCOLN HW
2015063573,11,4,4208,68D04,2015,6,2,1757,17,1,1,0,4,1,2,3,1,0,N,N,2,4,2,2,0,0,0,0,0,0,0,0,0,0,0,0,0,0,0,0,0,0,0,0,0,0,0,0,0,0,0,0,0,0,0,0,0,0,1,0,40 32:02.522,80 29:16.982,40.534,-80.4881,2,1,1,N,,,3,N,N,,,,,,,,,,,,2015063573,0,1,0,0,0,0,0,0,0,0,0,0,0,0,0,1,0,0,0,0,1,0,1,1,0,0,0,0,0,0,0,0,0,0,0,0,0,0,0,0,0,0,0,0,0,0,1,0,0,0,0,0,0,0,1,0,0,0,1,0,0,0,0,0,0,0,0,0,1,0,0,0,0,0,0,0,0,0,0,0,0,0,0,0,0,1,0,0,0,2015063573,3,3,3,4,2,N,2,168,45,90,630,HOOKSTOWN FRANKFORT RD
2015063615,11,4,4212,68T02,2015,6,3,549,5,5,2,2,7,1,0,0,3,0,N,N,1,1,1,0,0,0,0,0,1,0,0,0,1,0,0,1,0,0,0,0,0,0,0,0,0,0,0,0,0,0,0,4,0,0,0,0,0,0,0,0,40 47:51.434,80 17:13.664,40.7974,-80.2863,,0,,N,,,0,,N,,,,,,,,,,,,2015063615,0,0,0,0,1,0,0,0,0,0,0,0,1,1,0,0,0,1,0,1,0,0,0,0,0,0,0,0,1,0,0,0,1,0,0,0,0,0,0,0,0,0,0,0,0,0,0,0,0,0,0,1,0,0,0,0,0,0,0,0,0,0,0,0,0,0,0,0,1,0,0,0,0,1,0,0,0,0,0,0,0,1,0,0,0,1,0,0,0,2015063615,3,3,1,4,4,W,5,7076,65,110,1320,
2015063662,11,4,4405,4420,2015,6,5,724,7,1,1,0,1,1,1,2,3,0,N,N,2,2,2,0,0,0,0,1,0,1,0,0,1,0,0,0,1,0,1,0,0,0,0,0,0,0,0,0,0,0,1,8,0,0,0,0,0,1,0,0,40 50:03.473,80 19:40.312,40.8343,-80.3279,,0,,N,,,3,,N,,,,,,,,,,,,2015063662,0,1,0,0,0,0,0,0,0,0,1,0,0,0,0,0,0,1,0,0,1,1,0,0,0,0,0,0,0,0,0,0,0,0,0,0,0,1,0,0,0,0,0,0,0,0,0,0,0,0,0,0,0,0,0,0,0,0,0,0,1,0,0,0,0,0,0,1,1,0,0,0,0,1,1,0,0,0,0,0,0,0,0,0,0,0,0,0,0,2015063662,3,3,3,4,2,S,2,18,50,760,0,BIG BEAVER BL
2015063827,11,4,4201,4201,2015,6,5,1427,14,1,1,0,7,4,0,0,3,0,N,N,1,6,1,0,0,0,0,0,0,1,0,0,2,0,0,2,0,0,2,0,0,0,0,0,0,0,0,0,0,0,0,4,0,1,0,0,0,0,0,0,40 43:32.452,80 21:41.618,40.7257,-80.3616,1,1,4,N,,,0,N,N,,,,,,,,,,,,2015063827,0,1,0,0,0,0,0,0,0,0,0,0,1,1,0,0,0,1,0,1,0,0,0,0,0,0,0,0,0,0,0,0,0,0,0,0,0,0,0,0,0,0,0,0,0,0,0,0,0,0,0,0,0,0,0,0,0,1,0,0,1,0,0,1,0,0,0,0,1,0,0,0,0,1,0,0,0,0,0,0,0,1,0,0,0,0,0,0,0,2015063827,3,3,3,4,2,W,2,4012,25,110,700,BRADYS RUN RD
2015064028,11,4,4203,4203,2015,6,5,1604,16,1,1,0,1,1,0,2,1,0,N,N,2,8,2,0,0,0,0,0,1,1,0,0,2,0,2,0,0,0,0,0,0,0,0,0,0,0,0,0,0,0,0,3,0,0,0,0,0,1,0,0,40 46:02.519,80 22:00.015,40.7674,-80.3667,1,1,2,N,,,3,N,N,,,,,,,,,,,,2015064028,0,1,0,0,0,0,0,0,0,0,1,0,0,0,0,0,0,1,0,1,0,0,0,0,0,0,0,0,0,0,0,0,0,0,0,0,0,0,0,0,0,0,0,0,0,0,0,0,0,0,0,0,0,0,0,0,0,0,0,0,0,0,1,0,0,0,0,1,1,0,0,0,0,1,0,0,0,0,0,0,0,0,1,0,0,0,0,0,0,2015064028,3,3,3,4,2,S,2,51,45,391,2398,CONSTITUTION BL
2015064108,11,4,4405,68T02,2015,6,4,1712,17,1,1,0,1,1,0,0,3,0,N,N,2,3,2,1,0,0,1,0,0,0,0,0,0,0,0,0,0,0,0,0,0,0,0,0,0,0,0,0,0,0,0,0,0,0,0,0,0,0,0,1,40 50:41.500,80 22:05.020,40.7705,-80.3592,2,1,4,N,,,0,N,N,,,,,,,,,,,,2015064108,0,0,0,0,1,0,0,0,0,0,1,0,0,0,0,1,0,0,0,1,0,0,0,0,0,0,0,0,0,0,0,0,0,0,0,0,0,0,0,0,0,0,0,0,0,0,0,0,1,0,0,1,0,0,1,0,0,0,0,1,0,0,0,0,0,0,0,0,1,0,0,0,0,0,0,0,0,0,0,0,0,0,0,0,0,1,0,0,0,2015064108,3,3,1,4,2,N,6,7376,65,10,2798,I-376 HW
2015064149,11,4,4302,4302,2015,6,6,1845,18,1,2,1,7,4,0,0,3,0,N,N,1,2,1,0,0,0,0,0,1,0,0,0,2,0,0,2,0,0,1,0,0,0,0,0,0,0,0,0,0,0,0,4,0,0,0,0,0,0,0,0,40 36:26.900,80 16:34.100,40.6075,-80.2761,2,2,6,N,,,0,Y,N,,,,,,,,,,,,2015064149,0,0,1,1,0,1,0,0,0,0,0,0,1,1,0,0,0,1,0,1,0,0,0,0,0,0,0,0,0,1,0,0,0,0,1,0,0,0,0,0,0,0,0,0,0,0,0,0,0,0,1,0,0,0,0,0,0,0,0,0,1,0,0,1,0,0,0,0,1,0,0,0,0,1,0,0,0,0,0,0,0,1,0,0,0,0,0,0,0,2015064149,3,3,,4,2,W,4,,25,,,SHEFFIELD RD
2015064272,11,4,4406,4406,2015,6,6,1203,12,1,1,0,4,1,1,3,3,0,N,N,2,3,2,0,1,0,0,0,1,0,0,0,0,0,0,0,0,0,0,0,0,0,0,0,0,0,0,0,0,0,0,0,0,0,0,0,0,1,1,0,40 42:06.552,80 18:05.297,40.7018,-80.3015,,0,,N,,,1,,N,,,,,,,,,,,,2015064272,0,1,1,0,0,0,0,0,0,0,0,0,0,0,0,1,0,0,0,0,1,0,1,1,0,0,0,0,0,0,0,0,0,0,0,1,0,0,0,0,0,0,0,0,0,0,0,0,0,0,0,0,0,0,0,0,0,0,1,0,0,0,1,0,0,0,0,1,1,0,0,0,0,0,0,0,0,0,0,0,0,0,0,0,0,0,0,0,0,2015064272,3,3,3,4,2,E,2,4030,55,10,0,LEOPARD LN
2015064535,11,4,4210,4210,2015,6,6,2300,23,2,2,1,7,2,0,0,1,0,N,N,1,1,1,0,0,0,1,0,0,0,0,0,1,1,0,0,0,0,1,0,1,0,0,0,0,0,0,0,0,0,0,2,0,0,0,0,0,1,0,0,40 48:18.921,80 14:08.172,40.8053,-80.2356,2,1,4,Y,,,0,N,N,,,,,,,,,,,,2015064535,0,1,0,0,0,1,0,0,0,0,0,0,1,1,0,0,1,1,0,1,0,0,0,0,0,0,0,0,0,0,0,1,0,0,0,0,0,0,0,0,0,0,0,0,0,0,0,0,0,0,0,0,0,0,0,0,0,0,0,0,1,0,0,1,0,0,0,1,1,0,0,0,0,1,0,0,0,0,0,0,1,0,0,1,0,0,0,0,0,2015064535,3,3,3,4,2,E,2,1007,40,20,1655,RIVERVIEW RD