CRASH_CRN,DISTRICT,CRASH_COUNTY,MUNICIPALITY,POLICE_AGCY,CRASH_YEAR,CRASH_MONTH,DAY_OF_WEEK,TIME_OF_DAY,HOUR_OF_DAY,ILLUMINATION,WEATHER,ROAD_CONDITION,COLLISION_TYPE,RELATION_TO_ROAD,INTERSECT_TYPE,TCD_TYPE,URBAN_RURAL,LOCATION_TYPE,SCH_BUS_IND,SCH_ZONE_IND,TOTAL_UNITS,PERSON_COUNT,VEHICLE_COUNT,AUTOMOBILE_COUNT,MOTORCYCLE_COUNT,BUS_COUNT,SMALL_TRUCK_COUNT,HEAVY_TRUCK_COUNT,SUV_COUNT,VAN_COUNT,BICYCLE_COUNT,FATAL_COUNT,INJURY_COUNT,MAJ_INJ_COUNT,MOD_INJ_COUNT,MIN_INJ_COUNT,UNK_INJ_DEG_COUNT,UNK_INJ_PER_COUNT,UNBELTED_OCC_COUNT,UNB_DEATH_COUNT,UNB_MAJ_INJ_COUNT,BELTED_DEATH_COUNT,BELTED_MAJ_INJ_COUNT,MCYCLE_DEATH_COUNT,MCYCLE_MAJ_INJ_COUNT,BICYCLE_DEATH_COUNT,BICYCLE_MAJ_INJ_COUNT,PED_COUNT,PED_DEATH_COUNT,PED_MAJ_INJ_COUNT,COMM_VEH_COUNT,MAX_SEVERITY_LEVEL,DRIVER_COUNT_16YR,DRIVER_COUNT_17YR,DRIVER_COUNT_18YR,DRIVER_COUNT_19YR,DRIVER_COUNT_20YR,DRIVER_COUNT_50_64YR,DRIVER_COUNT_65_74YR,DRIVER_COUNT_75PLUS,LATITUDE,LONGITUDE,DEC_LAT,DEC_LONG,EST_HRS_CLOSED,LANE_CLOSED,LN_CLOSE_DIR,NTFY_HIWY_MAINT,RDWY_SURF_TYPE_CD,SPEC_JURIS_CD,TCD_FUNC_CD,TFC_DETOUR_IND,WORK_ZONE_IND,WORK_ZONE_TYPE,WORK_ZONE_LOC,CONS_ZONE_SPD_LIM,WORKERS_PRES,WZ_CLOSE_DETOUR,WZ_FLAGGER,WZ_LAW_OFFCR_IND,WZ_LN_CLOSURE,WZ_MOVING,WZ_OTHER,WZ_SHLDER_MDN,FLAG_CRN,INTERSTATE,STATE_ROAD,LOCAL_ROAD,LOCAL_ROAD_ONLY,TURNPIKE,WET_ROAD,SNOW_SLUSH_ROAD,ICY_ROAD,SUDDEN_DEER,SHLDR_RELATED,REAR_END,HO_OPPDIR_SDSWP,HIT_FIXED_OBJECT,SV_RUN_OFF_RD,WORK_ZONE,PROPERTY_DAMAGE_ONLY,FATAL_OR_MAJ_INJ,INJURY,FATAL,NON_INTERSECTION,INTERSECTION,SIGNALIZED_INT,STOP_CONTROLLED_INT,UNSIGNALIZED_INT,SCHOOL_BUS,SCHOOL_ZONE,HIT_DEER,HIT_TREE_SHRUB,HIT_EMBANKMENT,HIT_POLE,HIT_GDRAIL,HIT_GDRAIL_END,HIT_BARRIER,HIT_BRIDGE,OVERTURNED,MOTORCYCLE,BICYCLE,HVY_TRUCK_RELATED,VEHICLE_FAILURE,TRAIN_TROLLEY,PHANTOM_VEHICLE,ALCOHOL_RELATED,DRINKING_DRIVER,UNDERAGE_DRNK_DRV,UNLICENSED,CELL_PHONE,NO_CLEARANCE,RUNNING_RED_LT,TAILGATING,CROSS_MEDIAN,CURVE_DVR_ERROR,LIMIT_65MPH,SPEEDING,SPEEDING_RELATED,AGGRESSIVE_DRIVING,FATIGUE_ASLEEP,DRIVER_16YR,DRIVER_17YR,DRIVER_65_74YR,DRIVER_75PLUS,UNBELTED,PEDESTRIAN,DISTRACTED,CURVED_ROAD,DRIVER_18YR,DRIVER_19YR,DRIVER_20YR,DRIVER_50_64YR,VEHICLE_TOWED,FIRE_IN_VEHICLE,HIT_PARKED_VEHICLE,MC_DRINKING_DRIVER,DRUGGED_DRIVER,INJURY_OR_FATAL,COMM_VEHICLE,IMPAIRED_DRIVER,DEER_RELATED,DRUG_RELATED,HAZARDOUS_TRUCK,ILLEGAL_DRUG_RELATED,ILLUMINATION_DARK,MINOR_INJURY,MODERATE_INJURY,MAJOR_INJURY,NHTSA_AGG_DRIVING,PSP_REPORTED,RUNNING_STOP_SIGN,TRAIN,TROLLEY,ROADWAY_CRN,RDWY_SEQ_NUM,ADJ_RDWY_SEQ,ACCESS_CTRL,ROADWAY_COUNTY,LANE_COUNT,RDWY_ORIENT,ROAD_OWNER,ROUTE,SPEED_LIMIT,SEGMENT,OFFSET,STREET_NAME
2015071879,11,4,4426,4426,2015,7,2,1439,14,1,1,0,8,1,0,0,3,0,N,N,3,2,2,1,0,0,0,0,1,0,0,0,1,0,1,0,0,0,0,0,0,0,0,0,0,0,0,1,0,0,0,3,0,0,0,0,0,0,0,0,40 42:08.741,80 16:59.664,40.7024,-80.2832,2,1,4,N,,,0,Y,N,,,,,,,,,,,,2015071879,0,1,0,0,0,0,0,0,0,0,0,0,0,0,0,0,0,1,0,1,0,0,0,0,0,0,0,0,0,0,0,0,0,0,0,0,0,0,0,0,0,0,0,0,0,0,0,0,0,0,0,0,0,0,0,0,0,0,0,0,0,1,1,0,0,0,0,0,1,0,0,0,0,1,0,0,0,0,0,0,0,0,1,0,0,0,0,0,0,2015071879,3,3,3,4,2,E,2,68,25,380,344,ADAMS ST
2015071905,11,4,4103,4103,2015,7,2,1900,19,1,1,0,1,1,1,2,3,0,N,N,3,4,3,1,0,0,1,0,1,0,0,0,0,0,0,0,0,1,0,0,0,0,0,0,0,0,0,0,0,0,0,0,0,0,0,0,0,2,0,0,40 34:12.349,80 15:25.210,40.5701,-80.257,1,1,3,N,,,3,N,N,,,,,,,,,,,,2015071905,0,1,0,0,0,0,0,0,0,0,1,0,0,0,0,1,0,0,0,0,1,1,0,0,0,0,0,0,0,0,0,0,0,0,0,0,0,0,0,0,0,0,0,0,0,0,0,0,0,0,0,0,1,1,1,0,0,0,0,0,0,0,0,0,0,0,0,1,1,0,0,0,0,0,0,0,0,0,0,0,0,0,0,0,0,0,0,0,0,2015071905,3,3,3,4,3,E,2,151,55,230,0,GRINGO - CLINTON RD
2015072003,11,4,4103,4103,2015,7,6,1207,12,1,1,1,7,4,0,0,3,0,N,N,1,1,1,0,0,0,0,0,1,0,0,0,0,0,0,0,0,0,0,0,0,0,0,0,0,0,0,0,0,0,0,0,0,0,0,0,0,0,0,0,40 35:02.498,80 16:19.744,40.584,-80.2722,1,1,4,N,,,0,Y,N,,,,,,,,,,,,2015072003,0,1,0,0,0,1,0,0,0,0,0,0,1,1,0,1,0,0,0,1,0,0,0,0,0,0,0,0,1,0,0,0,0,0,0,0,0,0,1,0,0,0,0,0,0,0,0,0,0,0,0,0,0,0,0,0,0,0,0,0,0,0,0,1,0,0,0,0,1,0,0,0,0,0,0,0,0,0,0,0,0,0,0,0,0,0,0,0,0,2015072003,3,3,3,4,2,N,2,3009,35,40,341,KANE RD
2015072346,11,4,4405,68T02,2015,7,1,1339,13,1,1,0,7,3,0,0,3,3,N,N,1,2,1,0,0,0,0,1,0,0,0,0,2,1,0,1,0,0,0,0,0,0,1,0,0,0,0,0,0,0,0,2,0,0,0,0,0,0,1,0,40 51:05.257,80 23:44.392,40.8509,-80.3954,3,1,4,N,,,0,N,N,,,,,,,,,,,,2015072346,0,0,0,0,1,0,0,0,0,0,0,0,1,1,0,0,1,1,0,1,0,0,0,0,0,0,0,0,0,0,0,0,1,1,0,0,0,1,1,0,0,0,0,0,0,0,0,0,0,0,0,1,0,0,0,0,0,0,1,0,0,0,0,0,0,0,0,0,1,0,0,0,0,1,0,0,0,0,0,0,0,1,0,1,0,1,0,0,0,2015072346,3,3,1,4,4,W,5,7076,65,10,634,
2015072347,11,4,4405,68T02,2015,7,3,1133,11,1,1,0,1,1,0,0,3,0,N,N,3,4,3,1,0,0,0,2,0,0,0,0,0,0,0,0,0,0,0,0,0,0,0,0,0,0,0,0,0,0,1,0,0,0,0,0,0,1,1,0,40 48:59.521,80 19:47.347,40.8168,-80.3304,2,1,4,N,,,0,N,Y,1,4,55,Y,N,N,N,N,N,N,Y,2015072347,0,0,0,0,1,0,0,0,0,0,1,0,0,0,1,1,0,0,0,1,0,0,0,0,0,0,0,0,0,0,0,0,0,0,0,0,0,1,0,0,0,0,0,0,0,0,0,0,0,0,0,1,0,1,1,0,0,0,1,0,0,0,0,0,0,0,0,1,1,0,0,0,0,0,1,0,0,0,0,0,0,0,0,0,0,1,0,0,0,2015072347,3,3,1,4,4,W,5,7076,65,60,2640,
2015072786,11,4,4203,4203,2015,7,4,720,7,1,2,1,1,1,0,0,1,0,N,N,2,2,2,2,0,0,0,0,0,0,0,0,0,0,0,0,0,0,0,0,0,0,0,0,0,0,0,0,0,0,0,0,0,0,0,0,0,0,0,0,40 46:02.325,80 21:30.341,40.7673,-80.3584,,0,,N,,,0,,N,,,,,,,,,,,,2015072786,0,1,0,0,0,1,0,0,0,0,1,0,0,0,0,1,0,0,0,1,0,0,0,0,0,0,0,0,0,0,0,0,0,0,0,0,0,0,0,0,0,0,0,0,0,0,0,0,0,0,0,0,0,0,0,0,0,0,0,0,0,0,1,0,0,0,0,0,1,0,0,0,0,0,0,0,0,0,0,0,0,0,0,0,0,0,0,0,0,2015072786,3,3,3,4,2,N,2,588,35,20,1479,BRIARCLIFF RD
2015073011,11,4,4205,4423,2015,7,4,1950,19,1,1,0,7,5,0,0,1,0,N,N,1,1,1,0,0,0,0,0,1,0,0,0,1,0,0,0,1,0,0,0,0,0,0,0,0,0,0,0,0,0,0,8,0,0,0,0,0,0,0,0,40 43:50.352,80 16:39.474,40.7307,-80.2776,2,2,7,N,,,0,Y,N,,,,,,,,,,,,2015073011,0,1,0,0,0,0,0,0,0,0,0,0,1,1,0,0,0,1,0,1,0,0,0,0,0,0,0,0,0,1,0,0,0,0,0,0,0,0,0,0,0,0,0,0,0,0,0,0,0,0,0,0,0,0,0,0,0,0,0,0,0,0,0,0,0,0,0,0,1,0,0,0,0,1,0,0,0,0,0,0,0,0,0,0,0,0,0,0,0,2015073011,3,3,3,4,2,W,2,1022,35,50,1535,MARION HILL RD
2015073034,11,4,4103,4103,2015,6,2,1925,19,1,2,1,7,4,0,0,3,0,N,N,1,1,1,1,0,0,0,0,0,0,0,0,0,0,0,0,0,0,0,0,0,0,0,0,0,0,0,0,0,0,0,0,0,1,0,0,0,0,0,0,40 34:56.517,80 16:23.331,40.5824,-80.2731,,0,,N,,,0,,N,,,,,,,,,,,,2015073034,0,1,0,0,0,1,0,0,0,0,0,0,1,1,0,1,0,0,0,1,0,0,0,0,0,0,0,0,0,1,0,0,0,0,0,0,0,0,0,0,0,0,0,0,0,0,0,0,0,0,0,0,0,0,0,0,0,1,0,0,0,0,0,1,0,0,0,0,1,0,0,0,0,0,0,0,0,0,0,0,0,0,0,0,0,0,0,0,0,2015073034,3,3,3,4,2,E,2,3009,35,30,2621,KANE RD
2015073038,11,4,4103,4103,2015,7,2,2355,23,3,1,0,7,5,0,0,3,0,N,N,1,3,1,1,0,0,0,0,0,0,0,0,0,0,0,0,0,0,0,0,0,0,0,0,0,0,0,0,0,0,0,0,0,0,0,0,0,0,0,0,40 33:38.573,80 15:13.934,40.5607,-80.2539,,0,,N,,,0,,N,,,,,,,,,,,,2015073038,0,1,0,0,0,0,0,0,0,0,0,0,1,1,0,1,0,0,0,1,0,0,0,0,0,0,0,1,0,0,0,0,0,0,0,0,0,0,1,0,0,0,0,0,0,0,0,0,0,0,0,0,0,0,0,0,0,0,0,0,0,0,0,1,0,0,0,0,1,0,0,0,0,0,0,0,0,0,0,0,1,0,0,0,0,0,0,0,0,2015073038,3,3,3,4,2,N,2,3007,35,20,379,BRODHEAD RD
2015073041,11,4,4103,4103,2015,7,6,818,8,1,1,0,4,1,0,0,3,7,N,N,3,3,3,1,1,0,0,0,1,0,0,1,0,0,0,0,0,0,0,0,0,0,0,1,0,0,0,0,0,0,0,1,0,0,0,0,0,0,0,0,40 33:57.180,80 16:03.588,40.5659,-80.2677,4,2,6,N,2,0,0,Y,N,,,,,,,,,,,,2015073041,0,1,0,0,0,0,0,0,0,0,0,0,0,0,0,0,1,0,1,1,0,0,0,0,0,0,0,0,0,0,0,0,0,0,0,1,0,0,1,0,0,0,0,0,0,0,0,0,0,0,0,0,1,1,1,0,0,0,0,0,0,0,0,0,0,0,0,0,1,0,0,0,0,1,0,0,0,0,0,0,0,0,0,0,0,0,0,0,0,2015073041,3,3,3,4,2,E,2,151,35,210,1272,BOCKTOWN RD
2015073179,11,4,4216,4216,2015,7,7,1550,15,1,1,0,7,4,0,0,1,0,N,N,1,1,1,1,0,0,0,0,0,0,0,0,1,0,0,0,1,0,0,0,0,0,0,0,0,0,0,0,0,0,0,8,0,0,0,0,0,1,0,0,40 36:22.970,80 24:20.863,40.6064,-80.4058,4,2,6,N,,,0,N,N,,,,,,,,,,,,2015073179,0,1,0,0,0,0,0,0,0,0,0,0,1,1,0,0,0,1,0,1,0,0,0,0,0,0,0,0,0,1,0,0,0,0,0,0,0,0,0,0,0,0,0,0,0,0,0,0,0,0,0,0,0,0,0,0,0,0,0,0,0,0,0,1,0,0,0,1,1,0,0,0,0,1,0,0,0,0,0,0,0,0,0,0,0,0,0,0,0,2015073179,3,3,3,4,2,W,2,3018,40,90,2086,MCCLEARY RD
2015073187,11,4,4402,4402,2015,7,5,540,5,5,1,0,4,1,2,0,3,0,N,N,2,2,2,0,1,0,0,0,1,0,0,0,1,1,0,0,0,0,0,0,0,0,0,0,1,0,0,0,0,0,0,2,0,0,0,0,0,0,0,0,40 36:01.763,80 13:34.427,40.6005,-80.2262,3,2,5,N,,,0,Y,N,,,,,,,,,,,,2015073187,0,1,1,0,0,0,0,0,0,0,0,0,0,0,0,0,1,1,0,0,1,0,0,1,0,0,0,0,0,0,0,0,0,0,0,1,0,0,0,0,0,0,0,0,0,0,0,0,0,0,0,0,0,0,1,0,0,0,0,0,0,0,0,0,0,0,0,0,1,0,0,0,0,1,0,0,0,0,0,0,0,0,0,1,0,0,0,0,0,2015073187,3,3,3,4,2,S,2,989,25,30,1375,DUSS AV
2015073294,11,4,4405,68D04,2015,7,5,1955,19,1,1,1,7,2,0,0,3,3,N,N,1,1,1,0,0,0,0,0,1,0,0,0,0,0,0,0,0,0,0,0,0,0,0,0,0,0,0,0,0,0,0,0,0,0,0,0,0,0,0,0,40 47:21.045,80 20:01.335,40.7892,-80.3337,2,1,1,N,,,0,N,N,,,,,,,,,,,,2015073294,0,1,0,0,0,1,0,0,0,0,0,0,1,1,0,1,0,0,0,1,0,0,0,0,0,0,0,0,0,0,0,0,1,0,0,0,0,0,0,0,0,0,0,0,0,0,0,0,0,0,0,0,0,0,0,0,0,0,0,0,0,0,0,1,0,0,0,0,1,0,0,0,0,0,0,0,0,0,0,0,0,0,0,0,0,1,0,0,0,2015073294,3,3,3,4,2,S,2,18,50,711,248,BIG BEAVER BL
2015073295,11,4,4202,68D04,2015,7,7,1630,16,1,1,0,7,4,0,8,3,3,N,N,1,1,1,1,0,0,0,0,0,0,0,0,0,0,0,0,0,0,0,0,0,0,0,0,0,0,0,0,0,0,0,0,0,0,0,0,0,0,0,0,40 36:43.344,80 19:08.425,40.612,-80.319,2,2,3,N,,,3,N,Y,1,3,45,N,N,N,N,Y,N,N,N,2015073295,1,1,0,0,0,0,0,0,0,0,0,0,1,1,1,1,0,0,0,1,0,0,0,0,0,0,0,0,0,0,0,1,0,0,0,0,0,0,0,0,0,0,0,0,0,0,0,0,0,0,0,0,0,0,0,0,0,0,0,0,0,0,0,1,0,0,0,0,1,0,0,0,0,0,0,0,0,0,0,0,0,0,0,0,0,1,0,0,0,2015073295,3,3,1,4,2,E,1,376,55,430,2415,BEAVER VALLEY EX
2015073343,11,4,4207,68D04,2015,7,3,400,4,2,1,0,7,4,0,0,1,0,N,N,1,1,1,0,0,0,0,1,0,0,0,0,0,0,0,0,0,0,0,0,0,0,0,0,0,0,0,0,0,0,0,0,0,0,0,0,0,1,0,0,40 35:24.940,80 25:22.900,40.5903,-80.423,,0,,N,,,0,,N,,,,,,,,,,,,2015073343,0,0,1,1,0,0,0,0,0,0,0,0,1,1,0,1,0,0,0,1,0,0,0,0,0,0,0,1,0,0,0,0,0,0,0,0,0,1,0,0,0,0,0,0,0,0,0,0,0,0,0,0,0,1,1,0,0,0,0,0,0,0,0,0,0,0,0,1,1,0,0,0,0,0,0,0,0,0,0,0,1,0,0,0,0,1,0,0,0,2015073343,3,3,,4,2,W,4,,30,,,MCCLEARY RD
2015073376,11,4,4411,4411,2015,7,5,1755,17,1,1,0,7,4,0,0,3,0,N,N,2,2,2,0,0,0,1,0,1,0,0,0,1,0,0,1,0,0,0,0,0,0,0,0,0,0,0,0,0,0,0,4,0,0,0,0,0,0,1,1,40 36:22.579,80 10:55.611,40.6063,-80.1821,,0,,N,,,0,,N,,,,,,,,,,,,2015073376,0,1,0,0,0,0,0,0,0,0,0,0,1,1,0,0,0,1,0,1,0,0,0,0,0,0,0,0,0,0,0,0,0,0,0,0,0,0,0,0,0,0,0,0,0,0,0,0,0,1,0,0,0,0,0,0,0,0,1,1,0,0,0,0,0,0,0,0,1,0,0,0,0,1,0,0,0,0,0,0,0,1,0,0,0,0,0,0,0,2015073376,3,3,,4,2,S,2,4036,45,110,888,BIG SEWICKLEY CREEK RD
2015073553,11,4,4204,4204,2015,7,4,1430,14,1,1,0,4,1,1,3,1,0,N,N,2,3,2,2,0,0,0,0,0,0,0,0,2,0,1,1,0,0,0,0,0,0,0,0,0,0,0,0,0,0,0,3,0,0,0,0,0,1,0,0,40 49:45.217,80 28:57.522,40.8292,-80.4826,,0,,N,,,3,,N,,,,,,,,,,,,2015073553,0,1,0,0,0,0,0,0,0,0,0,0,0,0,0,0,0,1,0,0,1,0,1,1,0,0,0,0,0,0,0,0,0,0,0,0,0,0,0,0,0,0,0,0,0,0,1,0,0,0,0,0,0,0,1,0,0,0,0,0,0,0,0,0,0,0,0,1,1,0,0,0,0,1,0,0,0,0,0,0,0,1,1,0,0,0,0,0,0,2015073553,3,3,3,4,2,N,2,51,55,550,0,CONSTITUTION BL
2015073827,11,4,4211,4211,2015,7,4,2225,22,2,1,0,1,1,0,0,1,0,N,N,3,5,3,3,0,0,0,0,0,0,0,0,0,0,0,0,0,0,1,0,0,0,0,0,0,0,0,0,0,0,0,0,0,0,0,0,0,0,0,0,40 40:35.609,80 09:35.336,40.6766,-80.1598,1,1,3,N,,,0,N,Y,2,2,99,Y,,Y,Y,Y,,,,2015073827,0,1,0,0,0,0,0,0,0,0,1,0,0,0,1,1,0,0,0,1,0,0,0,0,0,0,0,0,0,0,0,0,0,0,0,0,0,0,0,0,0,0,0,0,0,0,0,0,0,0,0,0,0,1,1,0,0,0,0,0,1,0,1,0,0,0,0,0,1,0,0,0,0,0,0,0,0,0,0,0,1,0,0,0,0,0,0,0,0,2015073827,3,3,3,4,2,E,2,2004,40,120,477,FREEDOM CRIDER RD
2015073860,11,4,4201,4201,2015,7,6,627,6,1,1,0,7,4,2,3,3,0,N,N,1,1,1,0,0,0,0,0,1,0,0,0,1,0,0,1,0,0,0,0,0,0,0,0,0,0,0,0,0,0,0,4,0,0,0,0,0,0,0,0,40 42:40.383,80 22:03.213,40.7112,-80.3676,,0,,Y,,,3,,N,,,,,,,,,,,,2015073860,0,1,0,0,0,0,0,0,0,0,0,0,1,1,0,0,0,1,0,0,1,0,1,1,0,0,0,0,1,0,0,0,0,0,0,0,0,0,0,0,0,0,0,0,0,0,0,0,0,0,0,0,0,0,0,0,0,0,0,0,0,0,0,0,0,0,0,0,1,0,0,0,0,1,0,0,0,0,0,0,0,1,0,0,0,0,0,0,0,2015073860,3,3,3,4,2,E,2,4020,35,40,1195,DUTCH RIDGE RD
2015073866,11,4,4103,4103,2015,7,7,320,3,3,1,0,7,4,0,0,3,0,N,N,1,1,1,1,0,0,0,0,0,0,0,0,0,0,0,0,0,0,0,0,0,0,0,0,0,0,0,0,0,0,0,0,0,0,0,0,0,0,0,0,40 34:27.000,80 14:42.300,40.5742,-80.2451,,0,,N,,,0,,N,,,,,,,,,,,,2015073866,0,0,1,1,0,0,0,0,0,0,0,0,1,1,0,1,0,0,0,1,0,0,0,0,0,0,0,0,0,0,0,0,0,0,0,0,0,0,0,0,0,0,0,0,0,0,0,0,0,0,1,0,0,0,0,0,0,0,0,0,0,0,0,1,0,0,0,0,1,0,0,0,0,0,0,0,0,0,0,0,1,0,0,0,0,0,0,0,0,2015073866,3,3,,4,2,S,4,,20,,,BUCHANAN AV
2015074017,11,4,4405,68D04,2015,6,2,1315,13,1,1,0,4,1,1,3,3,0,N,N,3,4,3,0,0,0,3,0,0,0,0,0,4,1,0,3,0,0,0,0,0,0,0,0,0,0,0,0,0,0,0,2,0,0,0,0,0,2,0,0,40 50:33.828,80 21:52.649,40.8427,-80.3646,4,1,5,N,,,3,Y,N,,,,,,,,,,,,2015074017,0,1,0,0,0,0,0,0,0,0,0,0,0,0,0,0,1,1,0,0,1,0,1,1,0,0,0,0,0,0,0,0,0,0,0,0,0,0,0,0,0,0,0,0,0,0,0,0,0,0,0,0,0,0,1,0,0,0,0,0,0,0,0,0,0,0,0,1,1,0,0,0,0,1,0,0,0,0,0,0,0,1,0,1,0,1,1,0,0,2015074017,3,3,3,4,2,W,2,351,45,110,0,FAIRLANE BL
2015074165,11,4,4102,4102,2015,7,3,1727,17,1,2,1,7,2,0,0,3,0,N,N,1,1,1,1,0,0,0,0,0,0,0,0,0,0,0,0,0,0,0,0,0,0,0,0,0,0,0,0,0,0,0,0,0,0,1,0,0,0,0,0,40 36:57.829,80 13:54.185,40.6161,-80.2317,2,1,1,Y,,,0,N,N,,,,,,,,,,,,2015074165,0,1,0,0,0,1,0,0,0,0,0,0,1,1,0,1,0,0,0,1,0,0,0,0,0,0,0,0,0,0,1,0,1,0,0,0,0,0,0,0,0,0,0,0,0,0,0,0,0,0,0,0,0,1,1,0,0,0,0,0,0,0,0,0,1,0,0,0,1,0,0,0,0,0,0,0,0,0,0,0,0,0,0,0,0,0,0,0,0,2015074165,3,3,3,4,2,N,2,65,55,70,407,OHIO RIVER BL
2015074265,11,4,4211,68T02,2015,7,5,1032,10,1,1,0,9,1,0,0,1,0,N,N,1,1,1,0,0,0,0,0,0,1,0,0,0,0,0,0,0,0,0,0,0,0,0,0,0,0,0,0,0,0,0,0,0,0,0,0,0,0,0,0,40 45:16.893,80 13:00.426,40.7547,-80.2169,,0,,N,,,0,,N,,,,,,,,,,,,2015074265,0,0,0,0,1,0,0,0,1,0,0,0,0,0,0,1,0,0,0,1,0,0,0,0,0,0,1,0,0,0,0,0,0,0,0,0,0,0,0,0,0,0,0,0,0,0,0,0,0,0,0,1,0,0,0,0,0,0,0,0,0,0,0,0,0,0,0,0,1,0,0,0,0,0,0,0,1,0,0,0,0,0,0,0,0,1,0,0,0,2015074265,3,3,1,4,4,E,5,7076,65,180,1584,EAST/WEST TU
2015074349,11,4,4211,4211,2015,7,2,400,4,2,1,0,9,1,0,0,1,0,N,N,1,1,1,1,0,0,0,0,0,0,0,0,0,0,0,0,0,0,0,0,0,0,0,0,0,0,0,0,0,0,0,0,0,0,0,0,1,0,0,0,40 43:33.606,80 13:43.117,40.726,-80.2286,,0,,N,,,0,,N,,,,,,,,,,,,2015074349,0,1,0,0,0,0,0,0,1,0,0,0,0,0,0,1,0,0,0,1,0,0,0,0,0,0,1,0,0,0,0,0,0,0,0,0,0,0,0,0,0,0,0,0,0,0,0,0,0,0,0,0,0,0,0,0,0,0,0,0,0,0,0,0,0,0,1,0,1,0,0,0,0,0,0,0,1,0,0,0,1,0,0,0,0,0,0,0,0,2015074349,3,3,3,4,2,W,2,1028,40,20,386,BIG KNOB RD
2015074657,11,4,4211,68T02,2015,7,4,2121,21,2,1,0,9,1,0,0,1,0,N,N,1,4,1,1,0,0,0,0,0,0,0,0,2,0,0,2,0,0,0,0,0,0,0,0,0,0,0,0,0,0,0,4,0,0,0,0,0,0,0,0,40 43:42.838,80 09:40.425,40.7283,-80.161,,0,,N,,,0,,N,,,,,,,,,,,,2015074657,0,0,0,0,1,0,0,0,0,0,0,0,0,0,0,0,0,1,0,1,0,0,0,0,0,0,0,0,0,0,0,0,0,0,0,0,0,0,0,0,0,0,0,0,0,0,0,0,0,0,0,1,0,0,0,0,0,0,0,0,0,0,0,0,0,0,0,0,1,0,0,0,0,1,0,0,0,0,0,0,1,1,0,0,0,1,0,0,0,2015074657,3,3,1,4,4,E,5,7076,65,210,4224,EAST/WEST TU
2015074821,11,4,4202,4202,2015,7,3,1159,11,1,1,0,4,1,0,0,3,0,N,N,2,3,2,2,0,0,0,0,0,0,0,0,2,0,0,0,2,1,1,0,0,0,0,0,0,0,0,0,0,0,0,8,0,0,0,0,0,0,0,0,40 40:07.987,80 19:01.032,40.6689,-80.317,1,1,2,N,,,0,Y,N,,,,,,,,,,,,2015074821,0,1,0,0,0,0,0,0,0,0,0,0,0,0,0,0,0,1,0,1,0,0,0,0,0,0,0,0,0,0,0,0,0,0,0,0,0,0,0,0,0,0,0,0,0,0,0,0,0,0,0,0,0,0,1,0,0,0,0,0,1,0,0,0,0,0,0,0,1,0,0,0,0,1,0,0,0,0,0,0,0,0,0,0,1,0,0,0,0,2015074821,3,3,3,4,2,N,2,18,45,400,470,FRANKFORT RD
2015074823,11,4,4202,4202,2015,7,7,1715,17,1,1,0,7,5,0,0,3,0,N,N,1,2,1,0,1,0,0,0,0,0,0,0,2,0,2,0,0,0,0,0,0,0,0,0,0,0,0,0,0,0,0,3,0,0,0,0,0,0,0,0,40 39:10.900,80 18:23.200,40.653,-80.3064,2,2,5,N,,,0,Y,N,,,,,,,,,,,,2015074823,0,0,1,1,0,0,0,0,0,0,0,0,1,1,0,0,0,1,0,1,0,0,0,0,0,0,0,0,0,0,0,0,0,0,0,1,0,0,0,0,0,0,0,0,0,0,0,0,0,0,0,0,0,0,0,0,0,0,0,0,0,0,0,0,0,0,0,0,1,0,0,0,0,1,0,0,0,0,0,0,0,0,1,0,0,0,0,0,0,2015074823,3,3,,4,2,N,4,,20,,,POPLAR DR
2015074932,11,4,4103,68D04,2015,7,4,1410,14,1,1,0,7,7,0,0,3,2,N,N,1,1,1,1,0,0,0,0,0,0,0,0,1,0,0,1,0,0,0,0,0,0,0,0,0,0,0,0,0,0,0,4,0,0,0,0,0,0,1,0,40 33:28.052,80 16:38.837,40.5578,-80.2775,,0,,N,,,0,,N,,,,,,,,,,,,2015074932,0,1,0,0,0,0,0,0,0,0,0,0,1,1,0,0,0,1,0,1,0,0,0,0,0,0,0,1,0,0,0,0,0,0,0,0,0,0,0,0,0,0,0,0,0,0,0,0,0,0,0,0,0,0,0,0,0,0,1,0,0,0,1,1,0,0,0,0,1,0,0,0,0,1,0,0,0,0,0,0,0,1,0,0,0,1,0,0,0,2015074932,3,3,1,4,1,N,2,8001,20,510,478,HOPEWELL INT/RAMP R RD
2015075052,11,4,4212,4212,2015,7,3,1555,15,1,1,0,4,1,1,2,3,0,N,N,2,2,2,0,0,0,0,0,2,0,0,0,1,0,0,1,0,0,0,0,0,0,0,0,0,0,0,0,0,0,0,4,0,0,0,0,0,0,1,0,40 47:26.144,80 17:15.047,40.7906,-80.2875,1,1,1,N,,,3,Y,N,,,,,,,,,,,,2015075052,0,1,0,0,0,0,0,0,0,0,0,0,0,0,0,0,0,1,0,0,1,1,0,0,0,0,0,0,0,0,0,0,0,0,0,0,0,0,0,0,0,0,0,0,0,0,0,0,0,0,0,0,0,0,0,0,0,0,1,0,0,0,1,0,0,0,0,0,1,0,0,0,0,1,0,0,0,0,0,0,0,1,0,0,0,0,0,0,0,2015075052,3,3,3,4,2,S,2,65,45,320,0,MERCER RD