CRASH_CRN,DISTRICT,CRASH_COUNTY,MUNICIPALITY,POLICE_AGCY,CRASH_YEAR,CRASH_MONTH,DAY_OF_WEEK,TIME_OF_DAY,HOUR_OF_DAY,ILLUMINATION,WEATHER,ROAD_CONDITION,COLLISION_TYPE,RELATION_TO_ROAD,INTERSECT_TYPE,TCD_TYPE,URBAN_RURAL,LOCATION_TYPE,SCH_BUS_IND,SCH_ZONE_IND,TOTAL_UNITS,PERSON_COUNT,VEHICLE_COUNT,AUTOMOBILE_COUNT,MOTORCYCLE_COUNT,BUS_COUNT,SMALL_TRUCK_COUNT,HEAVY_TRUCK_COUNT,SUV_COUNT,VAN_COUNT,BICYCLE_COUNT,FATAL_COUNT,INJURY_COUNT,MAJ_INJ_COUNT,MOD_INJ_COUNT,MIN_INJ_COUNT,UNK_INJ_DEG_COUNT,UNK_INJ_PER_COUNT,UNBELTED_OCC_COUNT,UNB_DEATH_COUNT,UNB_MAJ_INJ_COUNT,BELTED_DEATH_COUNT,BELTED_MAJ_INJ_COUNT,MCYCLE_DEATH_COUNT,MCYCLE_MAJ_INJ_COUNT,BICYCLE_DEATH_COUNT,BICYCLE_MAJ_INJ_COUNT,PED_COUNT,PED_DEATH_COUNT,PED_MAJ_INJ_COUNT,COMM_VEH_COUNT,MAX_SEVERITY_LEVEL,DRIVER_COUNT_16YR,DRIVER_COUNT_17YR,DRIVER_COUNT_18YR,DRIVER_COUNT_19YR,DRIVER_COUNT_20YR,DRIVER_COUNT_50_64YR,DRIVER_COUNT_65_74YR,DRIVER_COUNT_75PLUS,LATITUDE,LONGITUDE,DEC_LAT,DEC_LONG,EST_HRS_CLOSED,LANE_CLOSED,LN_CLOSE_DIR,NTFY_HIWY_MAINT,RDWY_SURF_TYPE_CD,SPEC_JURIS_CD,TCD_FUNC_CD,TFC_DETOUR_IND,WORK_ZONE_IND,WORK_ZONE_TYPE,WORK_ZONE_LOC,CONS_ZONE_SPD_LIM,WORKERS_PRES,WZ_CLOSE_DETOUR,WZ_FLAGGER,WZ_LAW_OFFCR_IND,WZ_LN_CLOSURE,WZ_MOVING,WZ_OTHER,WZ_SHLDER_MDN,FLAG_CRN,INTERSTATE,STATE_ROAD,LOCAL_ROAD,LOCAL_ROAD_ONLY,TURNPIKE,WET_ROAD,SNOW_SLUSH_ROAD,ICY_ROAD,SUDDEN_DEER,SHLDR_RELATED,REAR_END,HO_OPPDIR_SDSWP,HIT_FIXED_OBJECT,SV_RUN_OFF_RD,WORK_ZONE,PROPERTY_DAMAGE_ONLY,FATAL_OR_MAJ_INJ,INJURY,FATAL,NON_INTERSECTION,INTERSECTION,SIGNALIZED_INT,STOP_CONTROLLED_INT,UNSIGNALIZED_INT,SCHOOL_BUS,SCHOOL_ZONE,HIT_DEER,HIT_TREE_SHRUB,HIT_EMBANKMENT,HIT_POLE,HIT_GDRAIL,HIT_GDRAIL_END,HIT_BARRIER,HIT_BRIDGE,OVERTURNED,MOTORCYCLE,BICYCLE,HVY_TRUCK_RELATED,VEHICLE_FAILURE,TRAIN_TROLLEY,PHANTOM_VEHICLE,ALCOHOL_RELATED,DRINKING_DRIVER,UNDERAGE_DRNK_DRV,UNLICENSED,CELL_PHONE,NO_CLEARANCE,RUNNING_RED_LT,TAILGATING,CROSS_MEDIAN,CURVE_DVR_ERROR,LIMIT_65MPH,SPEEDING,SPEEDING_RELATED,AGGRESSIVE_DRIVING,FATIGUE_ASLEEP,DRIVER_16YR,DRIVER_17YR,DRIVER_65_74YR,DRIVER_75PLUS,UNBELTED,PEDESTRIAN,DISTRACTED,CURVED_ROAD,DRIVER_18YR,DRIVER_19YR,DRIVER_20YR,DRIVER_50_64YR,VEHICLE_TOWED,FIRE_IN_VEHICLE,HIT_PARKED_VEHICLE,MC_DRINKING_DRIVER,DRUGGED_DRIVER,INJURY_OR_FATAL,COMM_VEHICLE,IMPAIRED_DRIVER,DEER_RELATED,DRUG_RELATED,HAZARDOUS_TRUCK,ILLEGAL_DRUG_RELATED,ILLUMINATION_DARK,MINOR_INJURY,MODERATE_INJURY,MAJOR_INJURY,NHTSA_AGG_DRIVING,PSP_REPORTED,RUNNING_STOP_SIGN,TRAIN,TROLLEY,ROADWAY_CRN,RDWY_SEQ_NUM,ADJ_RDWY_SEQ,ACCESS_CTRL,ROADWAY_COUNTY,LANE_COUNT,RDWY_ORIENT,ROAD_OWNER,ROUTE,SPEED_LIMIT,SEGMENT,OFFSET,STREET_NAME
2015129701,11,4,4201,4201,2015,12,7,1423,14,1,1,1,7,4,0,0,3,0,N,N,1,1,1,0,0,0,1,0,0,0,0,0,0,0,0,0,0,0,0,0,0,0,0,0,0,0,0,0,0,0,0,0,0,1,0,0,0,0,0,0,40 43:29.923,80 19:38.742,40.725,-80.3274,,0,,N,,,0,,N,,,,,,,,,,,,2015129701,0,1,0,0,0,1,0,0,0,0,0,0,1,1,0,1,0,0,0,1,0,0,0,0,0,0,0,0,0,0,0,0,1,0,1,0,0,0,0,0,0,0,0,0,0,0,0,0,0,0,0,0,0,1,1,0,0,1,0,0,0,0,0,0,0,0,0,0,1,0,0,0,0,0,0,0,0,0,0,0,0,0,0,0,1,0,0,0,0,2015129701,3,3,3,4,2,S,2,4033,55,20,2409,WILDWOOD RD
2015129719,11,4,4103,4103,2015,12,7,2344,23,3,1,0,7,5,0,0,3,0,N,N,1,1,1,1,0,0,0,0,0,0,0,0,0,0,0,0,0,0,1,0,0,0,0,0,0,0,0,0,0,0,0,0,0,0,0,0,0,1,0,0,40 33:48.400,80 16:34.700,40.5634,-80.2763,1,1,7,N,,,0,N,N,,,,,,,,,,,,2015129719,0,0,1,1,0,0,0,0,0,0,0,0,1,1,0,1,0,0,0,1,0,0,0,0,0,0,0,0,0,0,0,0,0,0,0,0,0,0,0,0,0,1,1,0,0,0,0,0,0,0,0,0,0,0,0,0,0,0,0,0,1,0,0,0,0,0,0,1,1,0,0,0,0,0,0,1,0,0,0,0,1,0,0,0,0,0,0,0,0,2015129719,3,3,,4,2,N,4,,15,,,LAFAYETTE SQ
2015129828,11,4,4301,4301,2015,12,4,1700,17,4,1,0,1,1,0,0,3,0,N,N,2,5,2,1,0,0,0,0,0,1,0,0,0,0,0,0,0,1,0,0,0,0,0,0,0,0,0,0,0,0,0,0,0,0,0,0,0,0,0,1,40 46:31.357,80 19:26.623,40.7754,-80.3241,,0,,N,,,0,,N,,,,,,,,,,,,2015129828,0,1,0,0,0,0,0,0,0,0,1,0,0,0,0,1,0,0,0,1,0,0,0,0,0,0,0,0,0,0,0,0,0,0,0,0,0,0,0,0,0,0,0,0,0,0,0,0,0,0,0,0,0,0,0,0,0,0,0,1,0,0,1,0,0,0,0,0,1,0,0,0,0,0,0,0,0,0,0,0,0,0,0,0,0,0,0,0,0,2015129828,3,3,3,4,2,S,2,18,25,690,105,FOURTH AV
2015129850,11,4,4422,4422,2015,12,2,845,8,1,1,0,2,1,0,0,3,7,N,N,2,2,2,1,0,0,1,0,0,0,0,0,0,0,0,0,0,0,0,0,0,0,0,0,0,0,0,0,0,0,0,0,0,0,0,0,0,0,0,0,40 41:41.730,80 16:53.976,40.6949,-80.2817,,0,,N,,,0,,N,,,,,,,,,,,,2015129850,0,1,0,0,0,0,0,0,0,0,0,1,0,0,0,1,0,0,0,1,0,0,0,0,0,0,0,0,0,0,0,0,0,0,0,0,0,0,0,0,0,0,0,0,0,0,0,0,0,0,0,0,0,0,1,0,0,0,0,0,0,0,0,0,0,0,0,0,1,0,0,0,0,0,0,0,0,0,0,0,0,0,0,0,1,0,0,0,0,2015129850,3,3,3,4,2,S,2,18,25,480,505,NINTH ST
2015130160,11,4,4211,4211,2015,12,6,1940,19,2,1,0,7,4,0,0,1,0,N,N,1,2,1,1,0,0,0,0,0,0,0,0,0,0,0,0,0,0,0,0,0,0,0,0,0,0,0,0,0,0,0,0,0,0,0,1,0,0,0,0,40 42:45.100,80 09:51.100,40.7125,-80.1642,2,2,5,N,,,0,Y,N,,,,,,,,,,,,2015130160,0,0,1,1,0,0,0,0,0,0,0,0,1,1,0,1,0,0,0,1,0,0,0,0,0,0,0,0,1,0,0,0,0,0,0,0,0,0,0,0,0,0,0,0,0,0,0,0,0,0,0,0,1,1,1,0,0,0,0,0,0,0,1,1,0,1,0,0,1,0,0,0,0,0,0,0,0,0,0,0,1,0,0,0,0,0,0,0,0,2015130160,3,3,,4,2,N,4,,35,,,KLEIN RD
2015130162,11,4,4103,4103,2015,12,4,1805,18,3,2,1,1,1,0,0,3,0,N,N,3,3,3,2,0,0,1,0,0,0,0,0,1,0,0,1,0,0,0,0,0,0,0,0,0,0,0,0,0,0,0,4,0,0,0,0,0,1,0,0,40 35:07.286,80 15:33.247,40.5854,-80.2592,,0,,N,,,0,,N,,,,,,,,,,,,2015130162,0,1,0,0,0,1,0,0,0,0,1,0,0,0,0,0,0,1,0,1,0,0,0,0,0,0,0,0,0,0,0,0,0,0,0,0,0,0,0,0,0,1,1,0,0,0,0,0,0,0,0,0,1,1,1,0,0,0,0,0,0,0,0,0,0,0,0,1,1,0,0,0,0,1,0,1,0,0,0,0,1,1,0,0,0,0,0,0,0,2015130162,3,3,3,4,2,N,2,3007,35,50,2463,BRODHEAD RD
2015130175,11,4,4302,4103,2015,12,2,1505,15,1,2,1,4,1,2,0,3,0,N,N,2,2,2,2,0,0,0,0,0,0,0,0,0,0,0,0,0,0,0,0,0,0,0,0,0,0,0,0,0,0,0,0,0,0,0,0,0,1,0,0,40 36:15.121,80 17:19.115,40.6042,-80.2886,1,1,3,N,,,0,N,N,,,,,,,,,,,,2015130175,0,1,1,0,0,1,0,0,0,0,0,0,0,0,0,1,0,0,0,0,1,0,0,1,0,0,0,0,0,0,0,0,0,0,0,0,0,0,0,0,0,0,0,0,0,0,0,0,0,0,0,0,0,0,1,0,0,0,0,0,0,0,0,0,0,0,0,1,1,0,0,0,0,0,0,0,0,0,0,0,0,0,0,0,1,0,0,0,0,2015130175,3,3,3,4,2,E,2,3016,35,200,1445,MILL ST
2015130494,11,4,4405,68T02,2015,12,6,303,3,2,1,0,7,4,0,0,3,0,N,N,1,7,1,0,0,0,0,0,0,1,0,0,0,0,0,0,0,0,1,0,0,0,0,0,0,0,0,0,0,0,0,0,0,0,0,0,1,0,0,0,40 49:16.747,80 20:38.847,40.8214,-80.3442,2,2,4,N,,,0,N,N,,,,,,,,,,,,2015130494,0,0,0,0,1,0,0,0,0,0,0,0,1,1,0,1,0,0,0,1,0,0,0,0,0,0,0,0,0,0,0,0,1,0,0,0,0,0,0,0,0,0,0,0,0,0,0,0,0,0,0,1,0,0,0,0,0,0,0,0,1,0,0,0,0,0,1,0,1,0,0,0,0,0,0,0,0,0,0,0,1,0,0,0,0,1,0,0,0,2015130494,3,3,1,4,4,W,5,7076,65,50,3696,EAST/WEST TU
2015130500,11,4,4209,22506,2015,11,2,1835,18,2,1,0,7,4,0,0,1,0,N,N,1,2,1,0,0,0,0,0,1,0,0,0,2,0,0,2,0,0,1,0,0,0,0,0,0,0,0,0,0,0,0,4,0,0,0,0,0,0,0,0,40 31:42.400,80 23:02.700,40.5284,-80.3841,,0,,N,,,0,,N,,,,,,,,,,,,2015130500,0,0,1,1,0,0,0,0,0,0,0,0,1,1,0,0,0,1,0,1,0,0,0,0,0,0,0,0,0,1,0,0,0,0,0,0,0,0,0,0,0,0,0,0,0,0,0,0,0,0,0,0,0,1,1,0,0,0,0,0,1,0,0,1,0,0,0,0,1,0,0,0,1,1,0,1,0,1,0,0,1,1,0,0,0,0,0,0,0,2015130500,3,3,,4,2,N,4,,35,,,WILSON RD
2015130532,11,4,4302,4302,2015,12,4,1123,11,1,2,1,7,2,1,3,3,0,N,N,1,1,1,1,0,0,0,0,0,0,0,0,0,0,0,0,0,0,0,0,0,0,0,0,0,0,0,0,0,0,0,0,0,0,0,0,0,0,0,0,40 38:23.330,80 14:31.689,40.6398,-80.2421,1,1,7,N,,,3,Y,N,,,,,,,,,,,,2015130532,0,0,1,1,0,1,0,0,0,0,0,0,1,1,0,1,0,0,0,0,1,0,1,1,0,0,0,0,0,0,0,0,1,0,0,0,0,0,0,0,0,0,0,0,0,0,0,0,0,0,0,0,0,0,1,0,0,0,0,0,0,0,0,1,0,0,0,0,1,0,0,0,0,0,0,0,0,0,0,0,0,0,0,0,0,0,0,0,0,2015130532,3,3,,4,2,W,4,,25,,,HENRY MANCINI BR
2015130881,11,4,4217,4217,2015,12,7,1127,11,1,2,1,7,5,0,0,1,0,N,N,1,1,1,0,1,0,0,0,0,0,0,0,1,1,0,0,0,0,0,0,0,0,0,0,1,0,0,0,0,0,0,2,0,0,0,0,0,1,0,0,40 45:00.193,80 25:34.686,40.7501,-80.4263,2,1,1,N,,,0,N,N,,,,,,,,,,,,2015130881,0,1,0,0,0,1,0,0,0,0,0,0,1,1,0,0,1,1,0,1,0,0,0,0,0,0,0,0,0,1,0,0,0,0,0,1,0,0,1,0,0,0,0,0,0,0,0,0,0,0,1,0,0,0,0,0,0,0,0,0,0,0,0,1,0,0,0,1,1,0,0,0,0,1,0,0,0,0,0,0,0,0,0,1,0,0,0,0,0,2015130881,3,3,3,4,2,N,2,4029,40,100,2195,OLD BLACKHAWK RD
2015131041,11,4,4103,4103,2015,12,2,1937,19,3,2,1,7,4,0,0,3,0,N,N,1,2,1,0,0,0,0,0,1,0,0,0,0,0,0,0,0,0,0,0,0,0,0,0,0,0,0,0,0,0,0,0,0,0,1,0,0,0,0,0,40 35:05.469,80 18:09.022,40.5849,-80.3025,3,2,6,N,,,0,Y,N,,,,,,,,,,,,2015131041,0,1,0,0,0,1,0,0,0,0,0,0,1,1,0,1,0,0,0,1,0,0,0,0,0,0,0,0,1,0,0,0,0,0,1,0,0,0,0,0,0,0,0,0,0,0,0,0,0,0,0,0,0,1,1,0,0,0,0,0,0,0,0,1,1,0,0,0,1,0,0,0,0,0,0,0,0,0,0,0,1,0,0,0,0,0,0,0,0,2015131041,3,3,3,4,2,W,2,3013,55,70,1057,INDEPENDENCE RD
2015131139,11,4,4104,4104,2015,12,3,1310,13,1,1,0,2,1,0,0,3,0,N,N,2,3,2,0,0,0,1,1,0,0,0,0,1,0,0,0,1,0,0,0,0,0,0,0,0,0,0,0,0,0,1,8,0,0,0,0,0,0,0,0,40 44:54.954,80 20:22.894,40.7486,-80.3397,2,1,2,N,,,0,N,N,,,,,,,,,,,,2015131139,0,1,0,0,0,0,0,0,0,0,0,1,0,0,0,0,0,1,0,1,0,0,0,0,0,0,0,0,0,0,0,0,0,0,0,0,0,1,0,0,0,0,0,0,0,0,0,0,0,0,0,0,0,0,0,0,0,0,0,0,0,0,1,0,0,0,0,0,1,0,0,0,0,1,1,0,0,0,0,0,0,0,0,0,0,0,0,0,0,2015131139,3,3,3,4,2,S,2,51,45,350,1513,CONSTITUTION BL
2015131511,11,4,4422,4422,2015,12,6,1850,18,3,1,0,4,1,1,0,3,0,N,N,2,2,2,1,0,0,0,0,1,0,0,0,1,0,0,1,0,0,0,0,0,0,0,0,0,0,0,0,0,0,0,4,0,0,0,0,0,0,0,1,40 41:28.497,80 17:02.772,40.6912,-80.2841,,0,,N,,,0,,N,,,,,,,,,,,,2015131511,0,1,1,0,0,0,0,0,0,0,0,0,0,0,0,0,0,1,0,0,1,0,0,1,0,0,0,0,0,0,0,0,0,0,0,0,0,0,0,0,0,0,0,0,0,0,0,0,0,0,0,0,0,0,1,0,0,0,0,1,0,0,0,0,0,0,0,0,1,0,0,0,0,1,0,0,0,0,0,0,1,1,0,0,0,0,0,0,0,2015131511,3,3,3,4,2,N,2,18,25,474,235,PENNSYLVANIA AV ET
2015131661,11,4,4103,4103,2015,12,5,652,6,5,2,1,4,1,1,3,3,2,N,N,2,4,2,1,0,0,1,0,0,0,0,0,1,0,0,0,1,2,0,0,0,0,0,0,0,0,0,0,0,0,0,8,0,0,0,0,0,0,0,1,40 35:59.255,80 18:07.504,40.5997,-80.302,,0,,N,,,3,,N,,,,,,,,,,,,2015131661,0,1,0,0,0,1,0,0,0,0,0,0,0,0,0,0,0,1,0,0,1,0,1,1,0,0,0,0,0,0,0,0,0,0,0,0,0,0,0,0,0,0,0,0,0,0,1,0,0,0,0,0,0,0,1,0,0,0,0,1,0,0,0,0,0,0,0,0,1,0,0,0,0,1,0,0,0,0,0,0,0,0,0,0,1,0,0,0,0,2015131661,3,3,3,4,2,N,2,3016,35,190,145,GREEN GARDEN RD
2015131743,11,4,4105,4105,2015,12,4,1057,10,1,1,0,4,1,1,2,3,0,N,N,2,2,2,2,0,0,0,0,0,0,0,0,1,0,0,1,0,0,0,0,0,0,0,0,0,0,0,0,0,0,0,4,0,0,0,0,0,1,0,0,40 42:57.898,80 17:59.997,40.7161,-80.3,1,1,2,N,,,3,N,N,,,,,,,,,,,,2015131743,0,1,1,0,0,0,0,0,0,0,0,0,0,0,0,0,0,1,0,0,1,1,0,0,0,0,0,0,0,0,0,0,0,0,0,0,0,0,0,0,0,0,0,0,0,0,0,0,0,0,0,0,0,0,1,0,0,0,0,0,0,0,0,0,0,0,0,1,1,0,0,0,0,1,0,0,0,0,0,0,0,1,0,0,0,0,0,0,0,2015131743,3,3,3,4,2,N,2,18,40,560,0,JUNCTION STRETCH RD
2015131763,11,4,4407,4407,2015,12,4,1530,15,1,1,0,2,1,0,0,3,0,N,N,2,2,2,0,0,0,1,0,1,0,0,0,1,1,0,0,0,0,0,0,0,0,1,0,0,0,0,0,0,0,0,2,0,0,0,0,0,1,0,1,40 39:30.660,80 14:19.815,40.6585,-80.2388,2,2,2,N,,,0,Y,N,,,,,,,,,,,,2015131763,0,1,0,0,0,0,0,0,0,0,0,1,0,0,0,0,1,1,0,1,0,0,0,0,0,0,0,0,0,0,0,0,0,0,0,0,0,0,0,0,0,1,1,0,0,0,0,0,0,0,0,0,0,0,0,0,0,0,0,1,0,0,0,0,0,0,0,1,1,0,0,0,1,1,0,1,0,1,0,0,0,0,0,1,0,0,0,0,0,2015131763,3,3,3,4,2,N,2,65,45,140,1520,OHIO RIVER BL
2015131821,11,4,4418,68D04,2015,9,5,1639,16,1,1,0,4,1,1,3,1,0,N,N,2,2,2,1,0,0,1,0,0,0,0,0,0,0,0,0,0,0,0,0,0,0,0,0,0,0,0,0,0,0,0,0,0,0,0,0,0,0,0,1,40 35:54.212,80 28:23.441,40.5984,-80.4732,2,1,2,N,,,3,N,N,,,,,,,,,,,,2015131821,0,1,1,0,0,0,0,0,0,0,0,0,0,0,0,1,0,0,0,0,1,0,1,1,0,0,0,0,0,0,0,0,0,0,0,0,0,0,0,0,0,0,0,0,0,0,1,0,0,0,0,0,0,0,1,0,0,0,0,1,0,0,0,0,0,0,0,0,1,0,0,0,0,0,0,0,0,0,0,0,0,0,0,0,0,1,0,0,0,2015131821,3,3,3,4,2,S,2,168,35,170,1360,HOOKSTOWN FRANKFORT RD
2015131822,11,4,4207,68D04,2015,12,5,835,8,1,5,1,7,4,0,0,1,0,N,N,1,1,1,1,0,0,0,0,0,0,0,0,1,0,0,1,0,0,0,0,0,0,0,0,0,0,0,0,0,0,0,4,0,0,0,0,0,0,0,0,40 35:34.696,80 30:47.807,40.593,-80.5133,,0,,N,,,0,,N,,,,,,,,,,,,2015131822,0,1,0,0,0,1,0,0,0,0,0,0,1,1,0,0,0,1,0,1,0,0,0,0,0,0,0,0,0,1,0,0,0,0,0,0,0,0,0,0,0,0,0,0,0,0,0,0,0,0,0,0,0,0,0,0,0,0,0,0,0,0,1,1,0,0,0,0,1,0,0,0,0,1,0,0,0,0,0,0,0,1,0,0,0,1,0,0,0,2015131822,3,3,3,4,2,W,2,30,45,10,1633,LINCOLN HW
2015132088,11,4,4211,68T02,2015,12,7,1333,13,1,1,0,9,1,0,0,1,0,N,N,1,2,1,1,0,0,0,0,0,0,0,0,0,0,0,0,0,0,0,0,0,0,0,0,0,0,0,0,0,0,0,0,0,0,0,0,0,0,1,0,40 43:34.647,80 09:31.159,40.7261,-80.1585,,0,,N,,,0,,N,,,,,,,,,,,,2015132088,0,0,0,0,1,0,0,0,1,0,0,0,0,0,0,1,0,0,0,1,0,0,0,0,0,0,1,0,0,0,0,0,0,0,0,0,0,0,0,0,0,0,0,0,0,0,0,0,0,0,0,1,0,0,0,0,0,0,1,0,0,0,0,1,0,0,0,0,1,0,0,0,0,0,0,0,1,0,0,0,0,0,0,0,0,1,0,0,0,2015132088,3,3,1,4,4,E,5,7076,65,220,0,EAST/WEST TU
2015132091,11,4,4203,68T02,2015,12,4,1725,17,2,1,0,9,1,0,0,1,0,N,N,1,1,1,0,0,0,0,0,1,0,0,0,0,0,0,0,0,0,0,0,0,0,0,0,0,0,0,0,0,0,0,0,0,0,0,0,0,0,0,0,40 46:46.458,80 21:21.978,40.7797,-80.3561,,0,,N,,,0,,N,,,,,,,,,,,,2015132091,0,0,0,0,1,0,0,0,1,0,0,0,0,0,0,1,0,0,0,1,0,0,0,0,0,0,1,0,0,0,0,0,0,0,0,0,0,0,0,0,0,0,0,0,0,0,0,0,0,0,0,1,0,0,0,0,0,0,0,0,0,0,0,0,0,0,0,0,1,0,0,0,0,0,0,0,1,0,0,0,1,0,0,0,0,1,0,0,0,2015132091,3,3,1,4,4,E,6,7376,65,20,1003,BEAVER VALLEY EX
2015132108,11,4,4411,4411,2015,12,5,1403,14,1,2,1,7,4,0,0,3,0,N,N,1,1,1,1,0,0,0,0,0,0,0,0,0,0,0,0,0,0,0,0,0,0,0,0,0,0,0,0,0,0,0,0,0,0,0,0,0,0,0,0,40 39:24.000,80 13:52.600,40.6567,-80.2313,1,1,4,N,,,0,N,N,,,,,,,,,,,,2015132108,0,0,1,1,0,1,0,0,0,0,0,0,1,1,0,1,0,0,0,1,0,0,0,0,0,0,0,0,0,0,0,0,0,0,0,0,0,0,0,0,0,0,0,0,0,0,0,0,0,0,0,0,0,1,1,0,0,0,0,0,0,0,0,1,0,0,0,0,1,0,0,0,0,0,0,0,0,0,0,0,0,0,0,0,0,0,0,0,0,2015132108,3,3,,4,2,W,7,,25,,,ECONOMY WY
2015132215,11,4,4301,4301,2015,12,5,1043,10,1,2,1,7,2,0,0,3,1,N,N,2,3,2,2,0,0,0,0,0,0,0,0,1,0,0,0,1,0,0,0,0,0,0,0,0,0,0,0,0,0,0,8,0,0,0,1,0,0,0,0,40 45:54.594,80 19:29.713,40.7652,-80.3249,2,2,6,N,,,0,Y,N,,,,,,,,,,,,2015132215,0,1,0,0,0,1,0,0,0,0,0,0,1,1,0,0,0,1,0,1,0,0,0,0,0,0,0,0,0,0,0,0,0,1,0,0,0,0,0,0,0,0,0,0,0,0,0,0,0,0,0,0,0,0,0,0,0,0,0,0,0,0,0,0,0,1,0,0,1,0,0,0,0,1,0,0,0,0,0,0,0,0,0,0,0,0,0,0,0,2015132215,3,3,3,4,2,W,2,588,40,50,3556,STEFFIN HILL RD
2015132223,11,4,4421,4421,2015,12,6,2200,22,3,1,0,7,4,0,0,3,0,N,N,1,1,1,0,0,0,0,0,1,0,0,0,0,0,0,0,0,0,0,0,0,0,0,0,0,0,0,0,0,0,0,0,0,0,0,0,0,0,0,0,40 38:25.396,80 27:25.361,40.6404,-80.457,1,2,3,N,,,0,Y,N,,,,,,,,,,,,2015132223,0,0,1,1,0,0,0,0,0,0,0,0,1,1,0,1,0,0,0,1,0,0,0,0,0,0,0,0,0,1,0,0,0,0,0,0,0,0,0,0,0,1,1,0,0,0,0,0,0,0,0,0,0,0,0,0,0,0,0,0,0,0,0,0,0,0,0,0,1,0,0,0,0,0,0,1,0,0,0,0,1,0,0,0,0,0,0,0,0,2015132223,3,3,,4,2,W,4,,15,,,WOODLANE AV
2015132403,11,4,4302,4302,2015,12,1,1153,11,1,1,0,4,1,2,3,3,0,N,N,2,3,2,1,0,0,1,0,0,0,0,0,1,0,0,1,0,0,0,0,0,0,0,0,0,0,0,0,0,0,0,4,0,0,0,0,0,1,0,1,40 36:50.279,80 17:06.023,40.614,-80.285,1,1,1,N,,,3,N,N,,,,,,,,,,,,2015132403,0,1,0,0,0,0,0,0,0,0,0,0,0,0,0,0,0,1,0,0,1,0,1,1,0,0,0,0,0,0,0,0,0,0,0,0,0,0,0,0,0,0,0,0,0,0,0,0,0,0,0,0,0,0,0,0,0,0,0,1,0,0,0,0,0,0,0,1,1,0,0,0,0,1,0,0,0,0,0,0,0,1,0,0,0,0,0,0,0,2015132403,3,3,3,4,2,W,2,3005,35,10,0,CHAPEL RD
2015132406,11,4,4206,4206,2015,12,6,1756,17,3,1,0,4,1,1,2,1,0,N,N,2,3,2,2,0,0,0,0,0,0,0,0,0,0,0,0,0,0,3,0,0,0,0,0,0,0,0,0,0,0,0,0,0,0,0,0,0,0,0,0,40 50:49.849,80 16:31.895,40.8472,-80.2755,,0,,N,,,3,,N,,,,,,,,,,,,2015132406,0,1,1,0,0,0,0,0,0,0,0,0,0,0,0,1,0,0,0,0,1,1,0,0,0,0,0,0,0,0,0,0,0,0,0,0,0,0,0,0,0,0,0,0,0,0,1,0,0,0,0,0,0,0,1,0,0,0,0,0,1,0,0,0,0,0,0,0,1,0,0,0,0,0,0,0,0,0,0,0,1,0,0,0,1,0,0,0,0,2015132406,3,3,3,4,2,E,2,65,45,410,488,MERCER RD
2015132412,11,4,4301,4301,2015,12,6,2055,20,3,4,6,7,3,0,0,3,3,N,N,1,3,1,1,0,0,0,0,0,0,0,0,0,0,0,0,0,0,0,0,0,0,0,0,0,0,0,0,0,0,0,0,0,0,1,0,0,0,0,0,40 44:11.964,80 18:52.012,40.7367,-80.3144,2,1,1,N,,,0,N,N,,,,,,,,,,,,2015132412,0,0,1,1,0,0,0,1,0,0,0,0,1,1,0,1,0,0,0,1,0,0,0,0,0,0,0,0,0,0,0,0,1,0,0,0,0,0,0,0,0,0,0,0,0,0,0,0,0,0,0,0,0,1,1,0,0,0,0,0,0,0,0,1,1,0,0,0,1,0,0,0,0,0,0,0,0,0,0,0,1,0,0,0,0,0,0,0,0,2015132412,3,3,,4,4,N,4,,25,,,7TH AV
2015132421,11,4,4430,4430,2015,12,6,1947,19,3,4,3,7,2,0,0,1,3,N,N,1,1,1,0,0,0,0,0,1,0,0,0,0,0,0,0,0,0,0,0,0,0,0,0,0,0,0,0,0,0,0,0,0,0,0,0,0,1,0,0,40 38:41.631,80 30:45.723,40.6449,-80.5127,,0,,N,,,0,,N,,,,,,,,,,,,2015132421,0,1,0,0,0,0,1,0,0,0,0,0,1,1,0,1,0,0,0,1,0,0,0,0,0,0,0,0,0,0,0,0,0,1,0,0,0,0,0,0,0,0,0,0,0,0,0,0,0,0,0,0,0,1,1,0,0,0,0,0,0,0,0,0,0,0,0,1,1,0,0,0,0,0,0,0,0,0,0,0,1,0,0,0,0,0,0,0,0,2015132421,3,3,3,4,2,W,2,68,45,10,1895,MIDLAND RD
2015132440,11,4,4203,4203,2015,12,6,2230,22,3,4,6,7,3,0,0,1,0,N,N,1,3,1,1,0,0,0,0,0,0,0,0,0,0,0,0,0,0,0,0,0,0,0,0,0,0,0,0,0,0,0,0,0,1,0,0,0,0,0,0,,,,,,0,,N,,,0,,N,,,,,,,,,,,,2015132440,0,1,0,0,0,0,0,1,0,0,0,0,1,1,0,1,0,0,0,1,0,0,0,0,0,0,0,0,0,0,1,0,0,0,0,0,0,0,0,0,0,0,0,0,0,0,0,0,0,0,0,0,0,0,0,0,0,1,0,0,0,0,0,0,0,0,0,0,1,0,0,0,0,0,0,0,0,0,0,0,1,0,0,0,0,0,0,0,0,2015132440,3,3,,4,2,S,2,51,35,,,CONSTITUTUON BL