CRASH_CRN,DISTRICT,CRASH_COUNTY,MUNICIPALITY,POLICE_AGCY,CRASH_YEAR,CRASH_MONTH,DAY_OF_WEEK,TIME_OF_DAY,HOUR_OF_DAY,ILLUMINATION,WEATHER,ROAD_CONDITION,COLLISION_TYPE,RELATION_TO_ROAD,INTERSECT_TYPE,TCD_TYPE,URBAN_RURAL,LOCATION_TYPE,SCH_BUS_IND,SCH_ZONE_IND,TOTAL_UNITS,PERSON_COUNT,VEHICLE_COUNT,AUTOMOBILE_COUNT,MOTORCYCLE_COUNT,BUS_COUNT,SMALL_TRUCK_COUNT,HEAVY_TRUCK_COUNT,SUV_COUNT,VAN_COUNT,BICYCLE_COUNT,FATAL_COUNT,INJURY_COUNT,MAJ_INJ_COUNT,MOD_INJ_COUNT,MIN_INJ_COUNT,UNK_INJ_DEG_COUNT,UNK_INJ_PER_COUNT,UNBELTED_OCC_COUNT,UNB_DEATH_COUNT,UNB_MAJ_INJ_COUNT,BELTED_DEATH_COUNT,BELTED_MAJ_INJ_COUNT,MCYCLE_DEATH_COUNT,MCYCLE_MAJ_INJ_COUNT,BICYCLE_DEATH_COUNT,BICYCLE_MAJ_INJ_COUNT,PED_COUNT,PED_DEATH_COUNT,PED_MAJ_INJ_COUNT,COMM_VEH_COUNT,MAX_SEVERITY_LEVEL,DRIVER_COUNT_16YR,DRIVER_COUNT_17YR,DRIVER_COUNT_18YR,DRIVER_COUNT_19YR,DRIVER_COUNT_20YR,DRIVER_COUNT_50_64YR,DRIVER_COUNT_65_74YR,DRIVER_COUNT_75PLUS,LATITUDE,LONGITUDE,DEC_LAT,DEC_LONG,EST_HRS_CLOSED,LANE_CLOSED,LN_CLOSE_DIR,NTFY_HIWY_MAINT,RDWY_SURF_TYPE_CD,SPEC_JURIS_CD,TCD_FUNC_CD,TFC_DETOUR_IND,WORK_ZONE_IND,WORK_ZONE_TYPE,WORK_ZONE_LOC,CONS_ZONE_SPD_LIM,WORKERS_PRES,WZ_CLOSE_DETOUR,WZ_FLAGGER,WZ_LAW_OFFCR_IND,WZ_LN_CLOSURE,WZ_MOVING,WZ_OTHER,WZ_SHLDER_MDN,FLAG_CRN,INTERSTATE,STATE_ROAD,LOCAL_ROAD,LOCAL_ROAD_ONLY,TURNPIKE,WET_ROAD,SNOW_SLUSH_ROAD,ICY_ROAD,SUDDEN_DEER,SHLDR_RELATED,REAR_END,HO_OPPDIR_SDSWP,HIT_FIXED_OBJECT,SV_RUN_OFF_RD,WORK_ZONE,PROPERTY_DAMAGE_ONLY,FATAL_OR_MAJ_INJ,INJURY,FATAL,NON_INTERSECTION,INTERSECTION,SIGNALIZED_INT,STOP_CONTROLLED_INT,UNSIGNALIZED_INT,SCHOOL_BUS,SCHOOL_ZONE,HIT_DEER,HIT_TREE_SHRUB,HIT_EMBANKMENT,HIT_POLE,HIT_GDRAIL,HIT_GDRAIL_END,HIT_BARRIER,HIT_BRIDGE,OVERTURNED,MOTORCYCLE,BICYCLE,HVY_TRUCK_RELATED,VEHICLE_FAILURE,TRAIN_TROLLEY,PHANTOM_VEHICLE,ALCOHOL_RELATED,DRINKING_DRIVER,UNDERAGE_DRNK_DRV,UNLICENSED,CELL_PHONE,NO_CLEARANCE,RUNNING_RED_LT,TAILGATING,CROSS_MEDIAN,CURVE_DVR_ERROR,LIMIT_65MPH,SPEEDING,SPEEDING_RELATED,AGGRESSIVE_DRIVING,FATIGUE_ASLEEP,DRIVER_16YR,DRIVER_17YR,DRIVER_65_74YR,DRIVER_75PLUS,UNBELTED,PEDESTRIAN,DISTRACTED,CURVED_ROAD,DRIVER_18YR,DRIVER_19YR,DRIVER_20YR,DRIVER_50_64YR,VEHICLE_TOWED,FIRE_IN_VEHICLE,HIT_PARKED_VEHICLE,MC_DRINKING_DRIVER,DRUGGED_DRIVER,INJURY_OR_FATAL,COMM_VEHICLE,IMPAIRED_DRIVER,DEER_RELATED,DRUG_RELATED,HAZARDOUS_TRUCK,ILLEGAL_DRUG_RELATED,ILLUMINATION_DARK,MINOR_INJURY,MODERATE_INJURY,MAJOR_INJURY,NHTSA_AGG_DRIVING,PSP_REPORTED,RUNNING_STOP_SIGN,TRAIN,TROLLEY,ROADWAY_CRN,RDWY_SEQ_NUM,ADJ_RDWY_SEQ,ACCESS_CTRL,ROADWAY_COUNTY,LANE_COUNT,RDWY_ORIENT,ROAD_OWNER,ROUTE,SPEED_LIMIT,SEGMENT,OFFSET,STREET_NAME
2015132462,11,4,4203,4203,2015,12,6,120,1,6,9,8,2,1,0,0,1,99,N,N,2,4,2,1,0,0,1,0,0,0,0,0,0,0,0,0,0,2,0,0,0,0,0,0,0,0,0,0,0,0,0,0,0,0,0,0,0,0,0,0,,,,,2,1,7,N,,,0,Y,N,,,,,,,,,,,,2015132462,0,0,1,1,0,0,0,0,0,0,0,1,0,0,0,1,0,0,0,1,0,0,0,0,0,0,0,0,0,0,0,0,0,0,0,0,0,0,0,0,0,0,0,0,0,0,0,0,0,1,0,0,0,0,0,0,0,0,0,0,0,0,0,1,0,0,0,0,1,0,0,0,0,0,0,0,0,0,0,0,1,0,0,0,0,0,0,0,0,2015132462,3,3,,4,2,S,7,,25,,,CHIPPEWA TOWN CENTER DR
2015132497,11,4,4103,68D04,2015,12,3,1404,14,1,1,0,7,4,0,0,3,3,N,N,1,1,1,0,0,0,0,0,1,0,0,0,0,0,0,0,0,0,0,0,0,0,0,0,0,0,0,0,0,0,0,0,0,0,0,0,0,0,0,0,40 34:42.420,80 17:22.466,40.5785,-80.2896,1,1,3,N,,,0,Y,N,,,,,,,,,,,,2015132497,1,1,0,0,0,0,0,0,0,0,0,0,1,1,0,1,0,0,0,1,0,0,0,0,0,0,0,0,0,0,0,0,1,0,0,0,0,0,0,0,0,0,0,0,0,0,0,0,0,0,0,1,0,1,1,0,0,0,0,0,0,0,0,0,0,0,0,0,1,0,0,0,0,0,0,0,0,0,0,0,0,0,0,0,0,1,0,0,0,2015132497,3,3,1,4,2,E,1,376,65,460,2126,BEAVER VALLEY EX
2015132498,11,4,4207,68D04,2015,12,4,1745,17,3,1,0,1,1,2,0,1,0,N,N,3,4,3,1,0,0,1,0,1,0,0,0,0,0,0,0,0,0,2,0,0,0,0,0,0,0,0,0,0,0,0,0,0,0,0,0,0,1,0,0,40 34:08.754,80 26:09.497,40.5691,-80.436,,0,,N,,,0,,N,,,,,,,,,,,,2015132498,0,1,1,0,0,0,0,0,0,0,1,0,0,0,0,1,0,0,0,0,1,0,0,1,0,0,0,0,0,0,0,0,0,0,0,0,0,0,0,0,0,0,0,0,0,0,0,0,0,0,0,0,0,0,0,0,0,0,0,0,1,0,0,0,0,0,0,1,1,0,0,0,0,0,0,0,0,0,0,0,1,0,0,0,0,1,0,0,0,2015132498,3,3,3,4,2,W,2,151,40,10,2637,BOCKTOWN RD
2015132534,11,4,4302,4302,2015,11,2,1958,19,3,1,0,7,4,0,0,3,0,N,N,1,1,1,1,0,0,0,0,0,0,0,0,0,0,0,0,0,0,0,0,0,0,0,0,0,0,0,0,0,0,0,0,0,0,0,0,0,0,0,0,40 37:05.400,80 14:34.500,40.6182,-80.2429,,0,,N,,,0,,N,,,,,,,,,,,,2015132534,0,0,1,1,0,0,0,0,0,0,0,0,1,1,0,1,0,0,0,1,0,0,0,0,0,0,0,0,0,1,0,0,0,0,0,0,0,0,0,0,0,0,0,0,0,0,0,0,0,0,0,0,0,0,0,0,0,0,0,0,0,0,1,1,0,0,0,0,1,0,0,0,0,0,0,0,0,0,0,0,1,0,0,0,0,0,0,0,0,2015132534,3,3,,4,2,N,4,,25,,,STATION ST
2015132561,11,4,4302,4302,2015,11,4,1732,17,4,1,0,4,1,1,2,3,0,N,N,2,2,2,2,0,0,0,0,0,0,0,0,0,0,0,0,0,0,0,0,0,0,0,0,0,0,0,0,0,0,0,0,0,0,1,0,0,1,0,0,40 36:52.325,80 14:59.356,40.6145,-80.2498,,0,,N,,,3,,N,,,,,,,,,,,,2015132561,0,1,1,0,0,0,0,0,0,0,0,0,0,0,0,1,0,0,0,0,1,1,0,0,0,0,0,0,0,0,0,0,0,0,0,0,0,0,0,0,0,0,0,0,0,0,0,1,0,0,0,0,0,0,1,0,0,0,0,0,0,0,0,0,1,0,0,1,1,0,0,0,0,0,0,0,0,0,0,0,0,0,0,0,0,0,0,0,0,2015132561,3,3,3,4,2,E,2,3016,25,270,1368,FRANKLIN AV
2015132601,11,4,4423,4423,2015,12,7,1055,10,1,1,0,4,1,0,0,3,0,N,N,2,3,2,2,0,0,0,0,0,0,0,0,1,0,0,1,0,0,1,0,0,0,0,0,0,0,0,0,0,0,0,4,0,0,0,0,1,0,0,1,40 43:52.015,80 18:29.166,40.7311,-80.3081,,0,,N,,,0,,N,,,,,,,,,,,,2015132601,0,1,0,0,0,0,0,0,0,0,0,0,0,0,0,0,0,1,0,1,0,0,0,0,0,0,0,0,0,0,0,0,0,0,0,0,0,0,0,0,0,0,0,0,0,0,0,0,0,0,0,0,0,0,1,0,0,0,0,1,1,0,0,0,0,0,1,0,0,0,0,0,0,1,0,0,0,0,0,0,0,1,0,0,0,0,0,0,0,2015132601,3,3,3,4,2,B,2,1022,25,10,526,THIRTEENTH ST
2015132650,11,4,4203,4203,2015,12,6,2009,20,6,4,5,7,4,0,0,1,0,N,N,1,1,1,1,0,0,0,0,0,0,0,0,0,0,0,0,0,0,0,0,0,0,0,0,0,0,0,0,0,0,0,0,0,0,0,0,0,0,0,0,40 46:54.468,80 21:06.923,40.7818,-80.3519,,0,,Y,,,0,,N,,,,,,,,,,,,2015132650,0,1,0,0,0,0,0,1,0,0,0,0,1,1,0,1,0,0,0,1,0,0,0,0,0,0,0,1,0,0,0,0,0,0,0,0,0,0,0,0,0,0,0,0,0,0,0,0,0,0,0,0,0,0,0,0,0,0,0,0,0,0,0,1,0,0,0,0,1,0,0,0,0,0,0,0,0,0,0,0,1,0,0,0,0,0,0,0,0,2015132650,3,3,3,4,2,E,2,251,35,170,2027,THIRTY SEVENTH ST
2015132692,11,4,4202,68D04,2015,12,6,1815,18,2,1,0,7,5,0,0,3,0,N,N,1,1,1,0,0,0,0,0,1,0,0,0,0,0,0,0,0,0,0,0,0,0,0,0,0,0,0,0,0,0,0,0,0,0,0,1,0,0,0,0,40 37:31.246,80 19:30.219,40.6253,-80.3251,,0,,N,,,0,,N,,,,,,,,,,,,2015132692,1,1,0,0,0,0,0,0,0,0,0,0,1,1,0,1,0,0,0,1,0,0,0,0,0,0,0,0,0,0,1,0,0,0,0,0,0,0,0,0,0,0,0,0,0,0,0,0,0,0,0,0,0,1,1,0,0,0,0,0,0,0,0,1,0,1,0,0,1,0,0,0,0,0,0,0,0,0,0,0,1,0,0,0,0,1,0,0,0,2015132692,3,3,1,4,2,W,1,376,55,421,2307,BEAVER VALLEY EX
2015132730,11,4,4405,68T02,2015,12,7,759,7,1,1,0,9,1,0,0,3,0,N,N,1,3,1,0,0,0,0,0,1,0,0,0,0,0,0,0,0,0,0,0,0,0,0,0,0,0,0,0,0,0,0,0,0,0,0,0,0,0,0,0,40 49:56.284,80 22:12.918,40.8327,-80.3702,,0,,N,,,0,,N,,,,,,,,,,,,2015132730,0,0,0,0,1,0,0,0,1,0,0,0,0,0,0,1,0,0,0,1,0,0,0,0,0,0,1,0,0,0,0,0,0,0,0,0,0,0,0,0,0,0,0,0,0,0,0,0,0,0,0,1,0,0,0,0,0,0,0,0,0,0,0,0,0,0,0,0,1,0,0,0,0,0,0,0,1,0,0,0,0,0,0,0,0,1,0,0,0,2015132730,3,3,1,4,4,W,6,7376,65,80,0,BEAVER VALLEY EX
2015132731,11,4,4211,68T02,2015,12,7,545,5,2,1,0,9,1,0,0,1,0,N,N,1,1,1,0,0,0,0,1,0,0,0,0,0,0,0,0,0,0,0,0,0,0,0,0,0,0,0,0,0,0,1,0,0,0,0,0,0,1,0,0,40 46:07.044,80 14:06.112,40.7683,-80.2348,,0,,N,,,0,,N,,,,,,,,,,,,2015132731,0,0,0,0,1,0,0,0,1,0,0,0,0,0,0,1,0,0,0,1,0,0,0,0,0,0,1,0,0,0,0,0,0,0,0,0,0,1,0,0,0,0,0,0,0,0,0,0,0,0,0,1,0,0,0,0,0,0,0,0,0,0,0,0,0,0,0,1,1,0,0,0,0,0,1,0,1,0,0,0,1,0,0,0,0,1,0,0,0,2015132731,3,3,1,4,4,W,5,7076,65,160,528,EAST/WEST TU
2015132734,11,4,4211,4211,2015,12,6,2238,22,2,4,5,7,5,0,0,1,0,N,N,1,2,1,1,0,0,0,0,0,0,0,0,0,0,0,0,0,0,0,0,0,0,0,0,0,0,0,0,0,0,0,0,0,0,1,0,0,0,0,0,40 44:00.100,80 13:08.200,40.7334,-80.2189,1,2,5,N,,,0,Y,N,,,,,,,,,,,,2015132734,0,0,1,1,0,0,0,1,0,0,0,0,1,1,0,1,0,0,0,1,0,0,0,0,0,0,0,1,0,0,0,0,0,0,0,0,0,0,0,0,0,0,0,0,0,0,0,0,0,0,0,0,0,1,1,0,0,0,0,0,0,0,0,1,1,0,0,0,1,0,0,0,0,0,0,0,0,0,0,0,1,0,0,0,0,0,0,0,0,2015132734,3,3,,4,2,N,4,,40,,,TAFFY RUN RD
2015132805,11,4,4301,4301,2015,12,1,130,1,3,1,0,1,1,0,2,3,0,N,N,2,2,2,1,0,0,0,0,1,0,0,0,1,0,0,0,1,0,0,0,0,0,0,0,0,0,0,0,0,0,0,8,0,0,0,0,0,0,0,0,40 39:44.499,80 14:02.696,40.6624,-80.2341,1,1,5,N,,,3,Y,N,,,,,,,,,,,,2015132805,0,0,1,1,0,0,0,0,0,0,1,0,0,0,0,0,0,1,0,1,0,0,0,0,0,0,0,0,0,0,0,0,0,0,0,0,0,0,0,0,0,1,1,0,0,0,0,0,0,0,0,0,0,0,0,0,0,0,0,0,0,0,0,0,0,0,0,0,1,0,0,0,0,1,0,1,0,0,0,0,1,0,0,0,0,0,0,0,0,2015132805,3,3,,4,4,S,4,,25,,,7TH AV
2015132854,11,4,4302,4302,2015,10,5,1748,17,1,1,0,4,1,2,3,3,0,N,N,2,3,2,1,0,0,0,0,1,0,0,0,0,0,0,0,0,0,2,0,0,0,0,0,0,0,0,0,0,0,0,0,0,0,0,0,0,1,0,0,40 36:44.151,80 15:43.916,40.6122,-80.2621,2,1,4,N,,,3,N,N,,,,,,,,,,,,2015132854,0,1,1,0,0,0,0,0,0,0,0,0,0,0,0,1,0,0,0,0,1,0,1,1,0,0,0,0,0,0,0,0,0,0,0,0,0,0,0,0,0,0,0,0,0,0,0,0,0,0,0,0,0,0,1,0,0,0,0,0,1,0,0,1,0,0,0,1,1,0,0,0,1,0,0,1,0,1,0,1,0,0,0,0,1,0,1,0,0,2015132854,3,3,3,4,2,E,2,3016,40,230,1070,KENNEDY BL
2015133040,11,4,4211,4211,2015,12,7,1532,15,1,1,0,2,1,0,0,1,0,N,N,2,3,2,1,0,0,1,0,0,0,0,0,2,1,0,1,0,0,1,0,1,0,0,0,0,0,0,0,0,0,0,2,0,0,0,0,0,0,0,0,40 45:03.399,80 11:58.104,40.7509,-80.1995,2,2,6,N,,,0,Y,N,,,,,,,,,,,,2015133040,0,1,0,0,0,0,0,0,0,0,0,1,0,0,0,0,1,1,0,1,0,0,0,0,0,0,0,0,0,0,0,0,0,0,0,0,0,0,0,0,0,1,1,0,0,0,0,0,0,0,0,0,0,0,0,0,0,0,0,0,1,0,0,0,0,0,0,0,1,0,0,0,0,1,0,1,0,0,0,0,0,1,0,1,0,0,0,0,0,2015133040,3,3,3,4,2,E,2,68,40,520,1120,SUNFLOWER RD
2015133103,11,4,4406,4406,2015,12,6,1947,19,3,4,5,7,2,7,0,3,8,N,N,1,1,1,1,0,0,0,0,0,0,0,0,0,0,0,0,0,0,0,0,0,0,0,0,0,0,0,0,0,0,0,0,0,0,1,0,0,0,0,0,40 41:58.959,80 16:58.691,40.6997,-80.283,1,1,2,N,,,0,N,N,,,,,,,,,,,,2015133103,0,1,0,0,0,0,0,1,0,0,0,0,1,1,0,1,0,0,0,0,1,0,0,1,0,0,0,0,0,0,0,1,0,0,0,0,0,0,0,0,0,0,0,0,0,0,0,0,0,0,0,0,0,0,0,0,0,0,0,0,0,0,0,0,1,0,0,0,1,0,0,0,0,0,0,0,0,0,0,0,1,0,0,0,0,0,0,0,0,2015133103,3,3,3,4,2,S,2,51,45,233,225,CONSTITUTION BL
2015133112,11,4,4102,4102,2015,12,6,2213,22,3,1,0,2,6,0,0,3,0,N,N,2,1,2,0,0,0,0,0,1,0,0,0,0,0,0,0,0,0,0,0,0,0,0,0,0,0,0,0,0,0,0,0,0,0,0,0,0,0,0,0,40 36:05.500,80 13:15.000,40.6015,-80.2208,2,2,6,N,,,0,N,N,,,,,,,,,,,,2015133112,0,0,1,1,0,0,0,0,0,0,0,1,0,0,0,1,0,0,0,1,0,0,0,0,0,0,0,0,0,0,0,0,0,0,0,0,0,0,0,0,0,1,1,0,0,0,0,0,0,0,0,0,0,0,0,0,0,0,0,0,0,0,0,0,0,0,0,0,1,0,1,0,0,0,0,1,0,0,0,0,1,0,0,0,0,0,0,0,0,2015133112,3,3,,4,2,E,4,,25,,,HAZEL AV
2015133233,11,4,4411,4411,2015,12,6,2130,21,2,4,6,7,5,1,0,3,0,N,N,1,1,1,1,0,0,0,0,0,0,0,0,1,0,0,1,0,0,1,0,0,0,0,0,0,0,0,0,0,0,0,4,0,0,0,0,0,0,0,0,40 40:12.640,80 08:53.820,40.6702,-80.1483,,0,,Y,,,0,,N,,,,,,,,,,,,2015133233,0,1,0,0,0,0,0,1,0,0,0,0,1,1,0,0,0,1,0,0,1,0,0,1,0,0,0,0,0,0,0,0,0,0,0,0,0,0,0,0,0,1,1,0,0,0,0,0,0,0,0,0,0,1,1,0,0,0,0,0,1,0,0,1,0,0,0,0,1,0,0,0,0,1,0,1,0,0,0,0,1,1,0,0,0,0,0,0,0,2015133233,3,3,3,4,2,W,2,2006,35,120,1072,LOVI RD
2015133239,11,4,4402,4402,2015,12,1,1330,13,1,1,0,4,1,5,2,3,0,N,N,2,3,2,0,0,0,0,0,2,0,0,0,2,0,1,1,0,0,0,0,0,0,0,0,0,0,0,0,0,0,0,3,0,0,0,0,0,1,0,0,40 35:09.204,80 13:28.182,40.5859,-80.2245,2,2,7,N,,,3,Y,N,,,,,,,,,,,,2015133239,0,0,1,1,0,0,0,0,0,0,0,0,0,0,0,0,0,1,0,0,1,1,0,0,0,0,0,0,0,0,0,0,0,0,0,0,0,0,0,0,0,0,0,0,0,0,0,1,0,0,0,0,0,0,1,0,0,0,0,0,0,0,0,0,0,0,0,1,1,0,0,0,0,1,0,0,0,0,0,0,0,1,1,0,0,0,0,0,0,2015133239,3,3,,4,2,N,4,,25,,,DUSS AV
2015133464,11,4,4301,4301,2015,12,2,449,4,3,1,0,5,1,0,0,3,0,N,N,2,1,2,1,0,0,0,0,0,0,0,0,0,0,0,0,0,0,0,0,0,0,0,0,0,0,0,0,0,0,0,0,0,0,0,0,0,1,0,0,40 44:12.340,80 18:31.933,40.7368,-80.3089,,0,,N,,,0,,N,,,,,,,,,,,,2015133464,0,0,1,1,0,0,0,0,0,0,0,0,0,0,0,1,0,0,0,1,0,0,0,0,0,0,0,0,0,0,0,0,0,0,0,0,0,0,0,0,0,1,1,0,0,0,0,0,0,0,0,0,0,0,0,0,0,0,0,0,0,0,0,0,0,0,0,1,1,0,1,0,0,0,0,1,0,0,0,0,1,0,0,0,0,0,0,0,0,2015133464,3,3,,4,2,S,4,,25,,,9TH AV
2015133717,11,4,4420,4420,2015,12,2,1652,16,4,1,1,7,5,0,0,3,0,N,N,1,1,1,1,0,0,0,0,0,0,0,0,0,0,0,0,0,0,0,0,0,0,0,0,0,0,0,0,0,0,0,0,0,0,0,0,0,1,0,0,40 50:18.760,80 19:21.050,40.8385,-80.3225,,0,,N,,,0,,N,,,,,,,,,,,,2015133717,0,1,0,0,0,1,0,0,0,0,0,0,1,1,0,1,0,0,0,1,0,0,0,0,0,0,0,0,0,0,0,0,0,0,0,0,0,0,0,0,0,0,0,0,0,0,0,0,0,0,0,0,0,0,0,0,0,0,0,0,0,0,0,1,0,0,0,1,1,0,0,0,0,0,0,0,0,0,0,0,0,0,0,0,0,0,0,0,0,2015133717,3,3,3,4,2,E,2,351,35,150,1638,FIFTH AV
2015133956,11,4,4211,4211,2015,12,3,1315,13,1,1,1,4,1,1,3,1,0,N,N,2,2,2,1,0,0,1,0,0,0,0,0,1,0,0,0,1,0,0,0,0,0,0,0,0,0,0,0,0,0,0,8,0,0,0,0,0,0,0,0,40 41:52.899,80 11:19.305,40.698,-80.1887,,0,,N,,,3,,N,,,,,,,,,,,,2015133956,0,1,0,0,0,1,0,0,0,0,0,0,0,0,0,0,0,1,0,0,1,0,1,1,0,0,0,0,0,0,0,0,0,0,0,0,0,0,0,0,0,0,0,0,0,1,0,0,0,0,0,0,0,0,1,0,0,0,0,0,0,0,1,0,0,0,0,0,1,0,0,0,0,1,0,0,0,0,0,0,0,0,0,0,0,0,1,0,0,2015133956,3,3,3,4,2,N,2,989,40,230,0,WALLACE CITY RD
2015134002,11,4,4205,4423,2015,12,1,1842,18,2,1,0,7,5,0,0,1,0,N,N,1,1,1,1,0,0,0,0,0,0,0,0,1,0,1,0,0,0,0,0,0,0,0,0,0,0,0,0,0,0,0,3,0,0,0,0,0,0,0,0,40 43:50.627,80 16:48.333,40.7307,-80.2801,2,2,6,N,,,0,Y,N,,,,,,,,,,,,2015134002,0,1,0,0,0,0,0,0,0,0,0,0,1,1,0,0,0,1,0,1,0,0,0,0,0,0,0,1,0,0,0,0,0,0,0,0,0,0,0,0,0,0,0,0,0,0,0,0,0,0,0,0,0,0,0,0,0,0,0,0,0,0,0,0,0,0,0,0,1,0,0,0,0,1,0,0,0,0,0,0,1,0,1,0,0,0,0,0,0,2015134002,3,3,3,4,2,W,2,1022,35,50,849,MARION HILL RD
2015134050,11,4,4429,4301,2015,12,3,257,2,3,2,1,2,6,0,0,3,0,N,N,2,1,2,1,0,0,0,0,0,0,0,0,0,0,0,0,0,1,0,0,0,0,0,0,0,0,0,0,0,0,0,9,0,0,0,0,0,0,0,0,40 46:37.100,80 19:56.700,40.777,-80.3324,,0,,N,,,0,,N,,,,,,,,,,,,2015134050,0,0,1,1,0,1,0,0,0,0,0,1,0,0,0,1,0,0,0,1,0,0,0,0,0,0,0,0,0,0,0,0,0,0,0,0,0,0,0,0,0,0,0,0,0,0,0,0,0,0,0,0,0,0,0,0,0,0,0,0,0,0,0,0,0,0,0,0,1,0,1,0,0,0,0,0,0,0,0,0,1,0,0,0,0,0,0,0,0,2015134050,3,3,,4,2,S,4,,25,,,3RD AV
2015134058,11,4,4301,4301,2015,12,4,104,1,3,1,0,1,6,0,0,3,0,N,N,2,1,2,0,0,0,1,0,0,0,0,0,0,0,0,0,0,1,0,0,0,0,0,0,0,0,0,0,0,0,0,9,0,0,0,0,0,0,0,0,40 46:47.144,80 19:31.687,40.7798,-80.3255,2,2,5,N,,,0,Y,N,,,,,,,,,,,,2015134058,0,1,0,0,0,0,0,0,0,0,1,0,0,0,0,1,0,0,0,1,0,0,0,0,0,0,0,0,0,0,0,0,0,0,0,0,0,0,0,0,0,0,0,0,0,0,0,0,0,0,0,0,0,0,0,0,0,0,0,0,0,0,0,0,0,0,0,0,1,0,1,0,0,0,0,0,0,0,0,0,1,0,0,0,0,0,0,0,0,2015134058,3,3,3,4,2,N,2,18,35,690,1736,FOURTH AV
2015134196,11,4,4411,4411,2015,12,2,1250,12,1,2,1,7,4,0,0,3,0,N,N,1,1,1,1,0,0,0,0,0,0,0,0,0,0,0,0,0,0,0,0,0,0,0,0,0,0,0,0,0,0,0,0,0,0,0,0,0,0,0,0,40 39:27.400,80 13:58.600,40.6576,-80.2329,,0,,N,,,0,,N,,,,,,,,,,,,2015134196,0,0,1,1,0,1,0,0,0,0,0,0,1,1,0,1,0,0,0,1,0,0,0,0,0,0,0,0,0,0,0,0,0,0,0,0,0,0,0,0,0,0,0,0,0,0,0,0,0,0,0,0,0,0,0,0,0,0,0,0,0,0,0,1,0,0,0,0,1,0,0,0,0,0,0,0,0,0,0,0,0,0,0,0,0,0,0,0,0,2015134196,3,3,,4,2,W,7,,25,,,ECONOMY WY
2015134241,11,4,4203,4203,2015,12,4,838,8,1,1,0,2,1,0,0,1,0,N,N,2,2,2,1,0,0,1,0,0,0,0,0,2,0,0,0,2,0,1,0,0,0,0,0,0,0,0,0,0,0,0,8,0,0,0,0,0,0,0,0,40 46:41.552,80 22:04.149,40.7782,-80.3678,,0,,N,,,0,,N,,,,,,,,,,,,2015134241,0,1,0,0,0,0,0,0,0,0,0,1,0,0,0,0,0,1,0,1,0,0,0,0,0,0,0,0,0,0,0,0,0,0,0,0,0,0,0,0,0,0,0,0,0,0,0,0,0,0,0,0,0,0,0,0,0,0,0,0,1,0,1,1,0,0,0,0,1,0,0,0,0,1,0,0,0,0,0,0,0,0,0,0,0,0,0,0,0,2015134241,3,3,3,4,2,N,2,251,35,150,1935,OAKVILLE RD
2015134794,11,4,4205,4423,2015,12,3,1800,18,2,1,0,2,1,0,0,1,0,Y,N,2,1,2,0,0,0,1,0,1,0,0,0,0,0,0,0,0,0,0,0,0,0,0,0,0,0,0,0,0,0,0,0,0,0,0,0,0,0,0,0,40 45:25.344,80 15:43.783,40.757,-80.2622,3,2,6,N,,,0,Y,N,,,,,,,,,,,,2015134794,0,0,1,1,0,0,0,0,0,0,0,1,0,0,0,1,0,0,0,1,0,0,0,0,1,0,0,0,0,1,0,0,0,0,0,0,0,0,0,0,0,0,0,0,0,0,0,0,0,0,0,0,0,0,0,0,0,0,0,0,0,0,1,0,0,0,0,0,1,0,1,0,0,0,0,0,0,0,0,0,1,0,0,0,0,0,0,0,0,2015134794,3,3,,4,2,E,4,,25,,,SILVER SPRING LN
2015134802,11,4,4205,4423,2015,12,4,1745,17,3,1,0,2,1,2,3,1,0,N,N,2,2,2,2,0,0,0,0,0,0,0,0,1,0,1,0,0,0,1,0,0,0,0,0,0,0,0,0,0,0,0,3,0,0,1,0,0,0,0,0,40 43:52.159,80 16:17.120,40.7312,-80.2714,3,2,5,N,,,3,Y,N,,,,,,,,,,,,2015134802,0,1,0,0,0,0,0,0,0,0,0,1,0,0,0,0,0,1,0,0,1,0,1,1,0,0,0,0,0,0,0,0,0,0,0,0,0,0,0,0,0,0,0,0,0,0,0,0,0,0,0,0,0,0,0,0,0,0,0,0,1,0,1,0,1,0,0,0,1,0,0,0,0,1,0,0,0,0,0,0,1,0,1,0,0,0,0,0,0,2015134802,3,3,3,4,2,S,2,68,35,440,0,SUNFLOWER RD
2015134883,11,4,4212,68T02,2015,12,6,2057,20,2,4,5,6,1,0,0,3,0,N,N,2,1,2,0,0,0,0,0,2,0,0,0,0,0,0,0,0,0,0,0,0,0,0,0,0,0,0,0,0,0,0,0,0,0,0,0,0,0,0,0,40 47:26.082,80 16:03.771,40.7905,-80.2674,2,1,4,N,,,0,N,N,,,,,,,,,,,,2015134883,0,0,0,0,1,0,0,1,0,0,0,1,0,0,0,1,0,0,0,1,0,0,0,0,0,0,0,0,0,0,0,0,1,0,0,0,0,0,0,0,0,0,0,0,0,0,0,0,0,0,0,1,0,1,1,0,0,0,0,0,0,0,0,0,0,0,0,0,1,0,0,0,0,0,0,0,0,0,0,0,1,0,0,0,0,1,0,0,0,2015134883,3,3,1,4,4,W,5,7076,65,130,1584,EAST/WEST TU